Sequence_name,Count,Occurence,ArcBorDB_best_identity,ArcBorDB_taxid,emblDB_best_identity,emblDB_taxid,emblAlpDB_best_identity,emblAlpDB_taxid,best_DB,Best_identity,Species_name,Genus_name,Family_name,Scientific_name,,Sequence,sample:ANT01A1a,sample:ANT01A1b,sample:ANT01A2a,sample:ANT01A2b,sample:ANT01B1a,sample:ANT01B1b,sample:ANT01B2a,sample:ANT01B2b,sample:ANT02A1a,sample:ANT02A1b,sample:ANT02A2a,sample:ANT02A2b,sample:ANT02B1a,sample:ANT02B1b,sample:ANT02B2a,sample:ANT02B2b,sample:ANT03A1a,sample:ANT03A1b,sample:ANT03A2a,sample:ANT03A2b,sample:ANT03B1a,sample:ANT03B1b,sample:ANT03B2a,sample:ANT03B2b,sample:ANT04A1a,sample:ANT04A1b,sample:ANT04A2a,sample:ANT04A2b,sample:ANT04B1a,sample:ANT04B1b,sample:ANT04B2a,sample:ANT04B2b,sample:ANT05A1a,sample:ANT05A1b,sample:ANT05A2a,sample:ANT05A2b,sample:ANT05B1a,sample:ANT05B1b,sample:ANT05B2a,sample:ANT05B2b,sample:ANT06A1a,sample:ANT06A1b,sample:ANT06A2a,sample:ANT06A2b,sample:ANT06B1a,sample:ANT06B1b,sample:ANT06B2a,sample:ANT06B2b,sample:ANT07A1a,sample:ANT07A1b,sample:ANT07A2a,sample:ANT07A2b,sample:ANT07B1a,sample:ANT07B1b,sample:ANT07B2a,sample:ANT07B2b,sample:ANT08A1a,sample:ANT08A1b,sample:ANT08A2a,sample:ANT08A2b,sample:ANT08B1a,sample:ANT08B1b,sample:ANT08B2a,sample:ANT08B2b,sample:ANT09A1a,sample:ANT09A1b,sample:ANT09A2a,sample:ANT09A2b,sample:ANT09B1a,sample:ANT09B1b,sample:ANT09B2a,sample:ANT09B2b,sample:ANT10A1a,sample:ANT10A1b,sample:ANT10A2a,sample:ANT10A2b,sample:ANT10B1a,sample:ANT10B1b,sample:ANT10B2a,sample:ANT10B2b,sample:ANT11A1a,sample:ANT11A1b,sample:ANT11A2a,sample:ANT11A2b,sample:ANT11B1a,sample:ANT11B1b,sample:ANT11B2a,sample:ANT11B2b,sample:ANT12A1a,sample:ANT12A1b,sample:ANT12A2a,sample:ANT12A2b,sample:ANT12B1a,sample:ANT12B1b,sample:ANT12B2a,sample:ANT12B2b,sample:ANT13A1a,sample:ANT13A1b,sample:ANT13A2a,sample:ANT13A2b,sample:ANT13B1a,sample:ANT13B1b,sample:ANT13B2a,sample:ANT13B2b,sample:ANT14A1a,sample:ANT14A1b,sample:ANT14A2a,sample:ANT14A2b,sample:ANT14B1a,sample:ANT14B1b,sample:ANT14B2a,sample:ANT14B2b,sample:ANT15A1a,sample:ANT15A1b,sample:ANT15A2a,sample:ANT15A2b,sample:ANT15B1a,sample:ANT15B1b,sample:ANT15B2a,sample:ANT15B2b,sample:ANT16A1a,sample:ANT16A1b,sample:ANT16A2a,sample:ANT16A2b,sample:ANT16B1a,sample:ANT16B1b,sample:ANT16B2a,sample:ANT16B2b,sample:ANT17A1a,sample:ANT17A1b,sample:ANT17A2a,sample:ANT17A2b,sample:ANT17B1a,sample:ANT17B1b,sample:ANT17B2a,sample:ANT17B2b,sample:ANT18A1a,sample:ANT18A1b,sample:ANT18A2a,sample:ANT18A2b,sample:ANT18B1a,sample:ANT18B1b,sample:ANT18B2a,sample:ANT18B2b,sample:ANT19A1a,sample:ANT19A1b,sample:ANT19A2a,sample:ANT19A2b,sample:ANT19B1a,sample:ANT19B1b,sample:ANT19B2a,sample:ANT19B2b,sample:ANT20A1a,sample:ANT20A1b,sample:ANT20A2a,sample:ANT20A2b,sample:ANT20B1a,sample:ANT20B1b,sample:ANT20B2a,sample:ANT20B2b,sample:ANT21A1a,sample:ANT21A1b,sample:ANT21A2a,sample:ANT21A2b,sample:ANT21B1a,sample:ANT21B1b,sample:ANT21B2a,sample:ANT21B2b,sample:ANT22A1a,sample:ANT22A1b,sample:ANT22A2a,sample:ANT22A2b,sample:ANT22B1a,sample:ANT22B1b,sample:ANT22B2a,sample:ANT22B2b,sample:ANT23A1a,sample:ANT23A1b,sample:ANT23A2a,sample:ANT23A2b,sample:ANT23B1a,sample:ANT23B1b,sample:ANT23B2a,sample:ANT23B2b,sample:ANT24A1a,sample:ANT24A1b,sample:ANT24A2a,sample:ANT24A2b,sample:ANT24B1a,sample:ANT24B1b,sample:ANT24B2a,sample:ANT24B2b,sample:ANT25A1a,sample:ANT25A1b,sample:ANT25A2a,sample:ANT25A2b,sample:ANT25B1a,sample:ANT25B1b,sample:ANT25B2a,sample:ANT25B2b,sample:ANT26A1a,sample:ANT26A1b,sample:ANT26A2a,sample:ANT26A2b,sample:ANT26B1a,sample:ANT26B1b,sample:ANT26B2a,sample:ANT26B2b,sample:ANT27A1a,sample:ANT27A1b,sample:ANT27A2a,sample:ANT27A2b,sample:ANT27B1a,sample:ANT27B1b,sample:ANT27B2a,sample:ANT27B2b,sample:ANT28A1a,sample:ANT28A1b,sample:ANT28A2a,sample:ANT28A2b,sample:ANT28B1a,sample:ANT28B1b,sample:ANT28B2a,sample:ANT28B2b,sample:ANT29A1a,sample:ANT29A1b,sample:ANT29A2a,sample:ANT29A2b,sample:ANT29B1a,sample:ANT29B1b,sample:ANT29B2a,sample:ANT29B2b,sample:ANT30A1a,sample:ANT30A1b,sample:ANT30A2a,sample:ANT30A2b,sample:ANT30B1a,sample:ANT30B1b,sample:ANT30B2a,sample:ANT30B2b,sample:ANT31A1a,sample:ANT31A1b,sample:ANT31A2a,sample:ANT31A2b,sample:ANT31B1a,sample:ANT31B1b,sample:ANT31B2a,sample:ANT31B2b,sample:ANT32A1a,sample:ANT32A1b,sample:ANT32A2a,sample:ANT32A2b,sample:ANT32B1a,sample:ANT32B1b,sample:ANT32B2a,sample:ANT32B2b,sample:ANT33A1a,sample:ANT33A1b,sample:ANT33A2a,sample:ANT33A2b,sample:ANT33B1a,sample:ANT33B1b,sample:ANT33B2a,sample:ANT33B2b,sample:ANT34A1a,sample:ANT34A1b,sample:ANT34A2a,sample:ANT34A2b,sample:ANT34B1a,sample:ANT34B1b,sample:ANT34B2a,sample:ANT34B2b,sample:ANT35A1a,sample:ANT35A1b,sample:ANT35A2a,sample:ANT35A2b,sample:ANT35B1a,sample:ANT35B1b,sample:ANT35B2a,sample:ANT35B2b,sample:RMT01A1a,sample:RMT01A1b,sample:RMT01A2a,sample:RMT01A2b,sample:RMT01B1a,sample:RMT01B1b,sample:RMT01B2a,sample:RMT01B2b,sample:RMT02A1a,sample:RMT02A1b,sample:RMT02A2a,sample:RMT02A2b,sample:RMT02B1a,sample:RMT02B1b,sample:RMT02B2a,sample:RMT02B2b,sample:RMT03A1a,sample:RMT03A1b,sample:RMT03A2a,sample:RMT03A2b,sample:RMT03B1a,sample:RMT03B1b,sample:RMT03B2a,sample:RMT03B2b,sample:RMT04A1a,sample:RMT04A1b,sample:RMT04A2a,sample:RMT04A2b,sample:RMT04B1a,sample:RMT04B1b,sample:RMT04B2a,sample:RMT04B2b,sample:RMT05A1a,sample:RMT05A1b,sample:RMT05A2a,sample:RMT05A2b,sample:RMT05B1a,sample:RMT05B1b,sample:RMT05B2a,sample:RMT05B2b,sample:RMT06A1a,sample:RMT06A1b,sample:RMT06B1a,sample:RMT06B1b,sample:RMT06B2a,sample:RMT06B2b,sample:RMT07A1a,sample:RMT07A1b,sample:RMT07A2a,sample:RMT07A2b,sample:RMT07B1a,sample:RMT07B1b,sample:RMT07B2a,sample:RMT07B2b,sample:RMT08A1a,sample:RMT08A1b,sample:RMT08A2a,sample:RMT08A2b,sample:RMT08B1a,sample:RMT08B1b,sample:RMT08B2a,sample:RMT08B2b,sample:RMT09A1a,sample:RMT09A1b,sample:RMT09A2a,sample:RMT09A2b,sample:RMT09B1a,sample:RMT09B1b,sample:RMT09B2a,sample:RMT09B2b,sample:RMT10A1a,sample:RMT10A1b,sample:RMT10A2a,sample:RMT10A2b,sample:RMT10B1a,sample:RMT10B1b,sample:RMT10B2a,sample:RMT10B2b,sample:RMT11A1a,sample:RMT11A1b,sample:RMT11A2a,sample:RMT11A2b,sample:RMT11B1a,sample:RMT11B1b,sample:RMT12A1a,sample:RMT12A1b,sample:RMT12A2a,sample:RMT12A2b,sample:RMT12B1a,sample:RMT12B1b,sample:RMT12B2a,sample:RMT12B2b,sample:TEMEXT2a,sample:TEMEXT2b,sample:TEMEXT4a,sample:TEMEXT4b,sample:TEMPCR1a,sample:TEMPCR1b,sample:TEMPCR2a,sample:TEMPCR2b,sample:TEMVID11,sample:TEMVID12,sample:TEMVID21,sample:TEMVID22
seq_017_SUB_SUB,6489761,384,1,238069,1,238069,1,238069,emblAlpDB,1,NA,NA,Salicaceae,Saliceae,arbusti,atcctatttttcgaaaacaaacaaaggttcataaagacagaataagaatacaaaag,6273,13,889,14,9134,18589,3638,6160,12521,11217,4456,39390,20302,14848,27554,39009,12051,18241,40578,18,27480,42492,52889,31702,20975,15419,19494,11777,22410,16900,19719,16003,34634,20852,41634,7,32285,25974,25432,13871,10697,16823,11882,10525,102,24795,9240,10688,21309,28595,10552,67939,22128,12312,25924,16799,20712,34,37204,18239,13,36,96976,57352,52645,2695,27151,76164,41087,10,36080,31513,10011,5122,12373,14970,9209,26623,20160,24740,8350,48444,31639,26701,29025,7,46345,6919,11778,28917,17876,16056,12757,17602,34977,18831,10528,3646,2855,1157,5505,16671,14048,12876,2442,11839,4431,11155,11237,11936,10590,8818,4539,13193,5514,15380,13790,14586,10091,10916,26371,5183,11836,22219,8941,9216,22661,26871,29209,31746,22047,18027,13678,14925,26601,22772,25554,22505,20727,357,8749,14603,18665,14036,32681,27374,35318,31066,40521,7096,32896,25735,18376,24271,22168,18418,8082,15620,8979,20184,6436,14738,8096,22501,9402,16304,29056,12331,51447,57905,57017,61688,33119,38474,32614,40236,14442,17312,5216,16584,5967,16241,4749,12347,9906,15372,15437,4836,6804,3554,13050,22188,16568,16605,14406,22964,9004,14311,8968,13585,12191,20740,864,16118,926,3867,3718,8438,10331,6282,8608,9642,11705,11190,27135,10771,10015,10910,9277,10232,15937,11155,11570,16236,4096,7176,12966,5217,9920,8208,4220,8213,12271,6340,35906,26930,5597,8097,9967,8377,4227,7020,8872,9844,10907,4206,7554,13368,6551,6806,6523,9089,7288,13212,10243,21610,9417,6345,6788,12099,4496,11433,16268,17981,11295,18944,14109,14677,18214,8471,12858,15162,15034,25163,16544,15881,18907,18162,19556,20961,55813,20,67727,43954,15973,43482,15,2871,26854,24233,26552,20,32307,36489,22696,29447,35344,11985,20167,18973,24619,17005,7822,26400,17344,1800,18553,14,2843,14971,23553,8580,15421,5543,3853,4363,12783,7927,14951,16452,26581,17779,23971,21702,35434,15124,14998,16972,15255,15232,12511,15619,17091,11301,8512,12478,5047,6931,10688,5923,9123,3540,7747,8345,16710,17355,11369,12213,12560,9214,40946,18,37895,22917,40088,59379,40458,51490,44652,31637,22693,21138,10984,29607,13981,21,7115,12741,4546,7659,7516,12392,2547,18,7,11,848,14,8,26,21,10,6,14
seq_001_SUB_SUB_CMP,2239474,383,1,742010,1,4210,1,4210,emblAlpDB,1,NA,NA,Asteraceae,Asteraceae,,atcacgttttccgaaaacaaaggttcagaaagcgaaaatcaaaaag,15,11,10810,5,7,1145,1836,1792,1322,7,12,17,13,2217,1854,5414,13,1665,2262,11,4790,12,6900,19,718,2297,1024,2020,413,782,1070,2128,2969,3373,4534,8,6020,1932,21,9628,8713,18,4290,6656,12035,8,15,7,13408,10234,8928,10,7997,8712,8564,6601,10087,17,7,22,8914,26,12,11,13,7,12342,315,5906,8,1861,10915,5466,291,3468,3755,8307,9011,10936,7503,8395,9593,6485,1419,5833,9,4027,2145,8,7759,3506,2904,1124,8292,18,14,10,4,9,9,762,4,1,12,14,1734,1389,1236,2136,1053,3741,1708,1853,394,699,2121,1144,57,418,629,12,14078,6190,5901,5349,3734,6503,4366,3825,3257,1849,5445,3893,3350,1718,5716,9798,6868,920,5621,8541,3704,2893,11313,725,2888,4995,4537,4351,539,6838,4997,2073,15500,1595,7994,13297,6798,2495,10021,9481,8081,7255,13825,16246,13115,10965,11690,3981,4003,11200,12640,8172,8215,5741,4912,8073,4046,6601,7349,13851,15403,7467,11975,5014,5841,7432,16068,2715,2097,5616,1038,13510,13754,18760,27587,22655,9892,12042,12725,13849,15864,1824,5709,13137,12815,12474,4105,10684,14369,13278,9492,13158,8008,1839,18061,3187,7388,6620,8366,9560,8993,8000,13207,10223,7774,3572,6628,14,4066,521,5405,4036,10856,2028,16981,7225,4835,3702,9228,10387,15873,11404,8118,11599,12633,18545,7308,5392,10290,12632,13360,3410,13626,8765,6711,9720,5705,13833,14310,4730,9070,6441,10259,10930,11330,12621,10284,13031,8010,6964,13063,9502,11692,11422,11387,10459,8043,7459,9846,24,8,13,5,0,11,8,9,2730,3066,434,7,1415,1349,8,3699,3453,506,1532,707,2457,898,603,1941,27375,10033,6918,10,3678,26421,20460,4610,10507,10290,11518,5776,27241,10042,15235,10212,16607,18848,13150,14917,23233,6992,4530,6404,10155,10377,8462,9638,11035,9486,3072,3369,475,6,1316,1835,1242,1644,234,2,14,360,4,11,523,38,3982,5,10377,60,5568,2473,9,1433,13192,7324,8075,3386,16036,10,2917,8,6874,6065,6964,9446,10570,7683,11,5,10,14,9,9,2,13,11,7,6,6
seq_020_SUB_SUB,1012430,382,1,4037,1,4037,1,4037,emblAlpDB,1,NA,NA,Apiaceae,Apiaceae,,atcctattttccaaaaacaaacaaaggcccagaaggtgaaaaaag,6,3,1,3,1944,7,10,0,1981,4,2,12,4,5,1496,8,5,2261,3778,1,1807,6,103,867,467,1245,9,663,6,14,966,2508,12,12,1403,8,2,6,2427,5,2,4137,5,7,2040,3803,1,5283,6,4019,3053,6,1056,1632,627,758,7,14,5,11,5,5,5,7,30938,6,4855,3,7,2,5,12,5,10,4,773,4,4,817,1314,6,6,8,8,1518,12,7,6,8,6,6,9,3,7,8,6,2,843,52638,49916,1830,5,305,3,2179,1303,473,580,2570,928,274,1449,1832,8,3422,844,1980,2716,13,331,5,2,4322,4,2991,3616,1690,2191,1457,5610,2567,2648,4980,3407,1847,4430,1352,5706,3777,2,267,941,3115,11514,2306,3028,3854,1496,7,512,3029,5844,3,4570,9,762,3610,9689,2919,6050,11262,2171,6575,8405,4112,6505,5255,1547,1734,2897,3024,10605,2800,5213,898,3818,17,11,6933,5876,2398,591,4354,687,1546,2398,12,7,4285,3295,652,3777,7334,4913,3997,7163,5035,6696,3152,4228,2353,5171,299,3475,7494,11424,5154,6138,2033,3352,6162,4377,8175,6600,8016,7443,3348,3829,2079,2392,2151,6574,4347,4789,1665,1668,1436,2930,4,3366,1683,9003,5489,21,3776,2485,3780,4969,5343,3708,5855,5318,4014,3880,3800,5266,6665,5850,9581,5697,5706,3952,1345,6859,6033,6046,6024,1672,4279,6794,2945,5408,8987,7610,6865,5982,10116,3465,4738,6334,5558,7750,4752,10301,3723,5952,6210,5213,6354,2711,7,7,5,38661,6,3,8,7,1191,2,1213,3,749,3,1944,5,1233,2594,5,919,9,5,295,1288,1051,2032,831,4,3763,10062,5303,1696,3981,4019,6003,4281,6704,3971,8017,5126,2145,3009,1865,65,2870,824,2555,3581,8884,8634,7392,5612,6363,4561,1529,2,1470,2,810,1849,780,1331,654,513,944,13,927,683,2,983,5693,4,2273,2765,5959,5639,1995,3914,3754,8,459,1694,3215,545,8,4,4,3234,6,4,4,2938,10,8,0,4,4,2,4,2,5,8,3,3
seq_013_SUB_SUB,767105,375,1,3798,1,3798,1,3798,emblAlpDB,1,NA,Saxifraga,Saxifragaceae,Saxifraga,,atcctgttttaagaaagcaaaacacaagggttcagaaaaagcgaataaaaaaaaaaag,5904,32372,10069,2,3,1553,2393,2630,1704,2584,2532,1347,1573,2071,778,6,4483,3362,4908,6,2177,3279,3050,1773,1467,3433,5004,5599,2891,3163,2291,4264,1722,3537,1526,6,1365,346,6154,2,3,817,4767,9320,1612,831,6288,3615,283,1431,1351,0,854,1085,1468,325,3,32412,7073,4697,8850,3,13,2,14532,534,8821,2,4789,1,1490,9588,1059,6,1487,1994,2510,2514,757,4,3766,2471,1802,5,3966,1,1440,3342,1,4573,1,1827,4014,2934,2005,4271,1155,1058,462,118,1237,2780,1274,2092,2816,917,1013,3092,1718,2529,1959,1396,5,1791,5,208,1051,10,497,719,1,5,3,6,4,1,1657,541,1738,1604,1506,3804,1619,2384,3951,1831,3268,2358,4752,1,4,1,1709,972,3535,3522,4437,4439,6322,1021,3101,3708,6,4710,502,2577,365,4,1570,1107,2425,1396,2802,1066,5302,1365,2590,4655,222,778,2,0,4,5,638,1234,854,4,1779,5038,1312,719,1187,859,1424,857,4,1822,1930,6023,719,3903,3375,1673,2642,2,2359,547,1130,3394,932,3375,211,1522,59,3109,1028,20,4,1384,2221,418,1781,685,1,1996,822,2,207,1357,896,3,2330,508,1,484,3,9,2,5,3,1432,1998,6,7848,0,2480,2145,3272,4253,770,1090,2982,2118,893,1372,3018,276,1927,1173,1450,2560,842,1776,2115,805,4938,1,1219,2631,548,118,1252,498,1792,1837,1660,1141,958,1553,2101,2357,5268,3851,2035,4511,4663,2162,2092,2070,4,14923,4,3,3,3,3,0,695,2633,2714,1,3811,2467,1388,3397,3413,2526,3898,1772,2318,1649,579,2172,5783,2888,1472,4,1724,3,3,306,640,1138,2104,517,1414,290,575,1058,2647,2238,3898,3969,3393,1466,1373,1586,2219,2257,2127,2417,3134,1463,666,352,339,3,569,693,780,238,1862,1076,2874,1468,1668,7306,2934,2079,2342,2,1782,3073,2642,7323,5609,2593,3726,7114,7711,6212,10229,7642,9645,2,7217,6891,1538,8157,5002,7202,1,1,0,1,0,0,2,5,0,0,1,3
seq_024_SUB_SUB,830051,378,1,4210,1,4210,1,4210,emblAlpDB,1,NA,NA,Asteraceae,Asteraceae,,atcacgttttccgaaaacaaacaaaggttcagaaagcgaaaataaaaaag,7015,1,1,2,4,4,5,3,6,4,5709,12,1,22,27,5,71,29,41,5,2849,2562,1509,885,2818,2555,3442,2361,2218,751,2448,1702,25,5,1166,2,3,4,161,4,2433,50,3,2,5,13,4476,4,2583,66,923,2,18,512,3733,1238,9,4,11,26571,3,11,8,7,2,162,2716,8,4109,2,1531,6318,844,382,2176,750,3693,17,2,21,4055,9,2221,7,1921,0,5,8,1,17,6070,10,15,1564,44,9,3450,7023,1,888,17,4,1005,2692,495,1061,2530,761,1778,809,625,738,1227,4675,2099,6,772,20,11,501,38784,2972,6616,1,1467,8,1136,4,3907,1378,3893,2254,4647,3739,3379,5416,1140,1029,10,1,6,4,1708,1073,3,12,1642,12,4,335,2220,19,2388,9130,895,5925,5507,3440,3754,2164,4,3776,1297,1378,2889,2348,2291,3353,862,2042,7,5,3,5790,2467,1956,8298,3050,4670,4699,1539,1520,1659,2849,2730,3601,5508,9130,6081,4953,1570,5149,1479,2908,8012,3138,655,6255,1048,2405,6653,2635,28,3858,3779,4484,3035,20,2364,1319,1263,1418,1611,1136,6,9777,726,2886,1565,1643,1935,322,5054,722,5609,5318,5,3210,13706,2059,3046,4849,6060,4847,787,4,1838,3130,2157,4313,3202,2912,6431,2681,4469,4591,1973,1749,6699,2266,5083,7047,3884,3462,3434,3043,1148,3600,3335,4569,2002,2271,3835,6532,4855,5545,3292,2748,5481,1496,3447,2666,3783,5621,1905,6158,1932,2882,4088,777,21,1,1,2,1,3,0,7,25,27,922,1,10,1404,36,65,1826,7,4691,1169,25,1742,139,332,1790,8944,3396,2,18,1021,2248,1971,2787,1645,3418,873,4821,3891,3277,5662,1863,1818,623,1332,1119,1235,2524,4388,7645,2828,5660,6737,6974,4852,1932,10,874,4,25,602,1541,918,2270,7,1582,777,548,7,17,3,435,0,6408,23,6,1707,2610,14,5819,8845,84,1066,9199,43,82,5,37,2750,45,1752,4441,497,4,2,1,1,0,0,0,4,3,2,4,1
seq_018_SUB_SUB_CMP,662404,369,1,286971,1,3445,1,3445,emblAlpDB,1,NA,Ranunculus,Ranunculaceae,Ranunculus,,atcctgctttcagaaaaaaaaaggggagttcagaaagcaaaaatagg,1,6,3,3,0,5,7,1,7,1,5,4,3,8,5,4,6,0,3,2,4,2,5,4,2,2,5,5,4,4,1,4,2,8,2,2,4,5,1837,6,2,3,3605,2,1,4,4,6,2404,1088,4,8,2209,402,3,6,1,4,1,3,2,4,7,3,3,3,5,4,7,0,4,10,3,2,3,1,5,3,1,2,6,3,3,7,3,1,6,1,3,4,0,1,5,5,2,0,4,1,1,0,2,3,3,3,3,1,443,0,5,399,184,1151,4,2,62,2452,818,21,7,496,3,1,2116,10023,3633,2564,4507,378,1327,4460,2453,3826,2873,7072,2582,6321,11392,6635,3086,4801,2,5306,6812,8357,1589,1022,5,217,1614,684,2,31,9485,2,10433,7792,8010,5326,4191,12136,5529,3,5960,3762,1132,868,6146,4502,224,1279,4,68,3,4,1,2,3,4,3,2219,1275,495,3700,1359,8,2057,5,0,940,4,777,1693,10377,7075,2316,3452,7886,8459,5592,8075,3083,4045,742,3715,3930,5810,7547,6525,8114,3390,4050,9395,6234,5622,10611,3701,8711,4188,5351,4944,7015,9151,8597,8390,11769,1863,4344,9403,2902,1093,4821,6876,2843,5009,6,2,4241,5512,5773,5081,4225,7681,8163,8816,7660,6053,7125,3179,4389,4002,3410,1590,1104,1350,2496,3193,5,2,14,417,447,472,4,49,6,392,1084,506,213,0,198,124,10,2,1,143,1,82,3,1,2,2,1,3,1,4,2,1,5,4,4,7,2,5,2,5,169,1,3,6,7,0,3,4,2573,1935,1206,4,6944,5889,3,3755,5403,5922,7516,3229,12867,6054,7188,6400,3,703,0,2,3,6,2,0,642,156,174,482,8,188,956,7,1153,4,1314,2900,2010,1272,3,155,4,4,2,1,2,3,6,2,2,5,2,6,4,2,2,1,1,2,2,7,1,4,2,14,5,3147,4,1,5,3,1,2,0,2,0,0,3,1,1,3
seq_008_SUB_SUB_CMP,511624,369,1,4173,1,4173,1,4173,emblAlpDB,1,NA,Veronica,Plantaginaceae,Veronica,,atcctgtcttctaaaaacaaaggttcagaaagtgaaaaaaaaagg,0,1,14,0,1,2,0,1,5,3913,3,1013,1137,766,1257,8535,668,8,4,0,2,3070,1637,7,2089,3485,1279,1281,1289,2308,340,1211,910,1518,2491,2,5572,612,3,3854,1301,3,3,3015,34,3,4867,7014,5096,1181,3775,3,1378,589,1623,3634,2,0,1325,2,5,0,4,3,4,1,1,3,864,0,524,2946,323,1,6,2468,3,14698,2077,261,4466,1131,2647,1,2221,0,4287,3031,3517,3,1810,1521,887,2797,335,1,5,317,379,542,818,1482,1692,415,4434,2033,1925,1200,3168,3455,1867,3451,1535,5320,861,2172,621,791,736,1371,1,2,1061,0,13,21,2022,766,1827,1473,2037,45,1037,1524,857,2370,7,943,1478,0,757,2,474,2948,4114,475,3019,6410,6804,104,5270,90,4313,8582,4689,3868,4353,967,143,221,3097,1871,3430,286,1792,2530,1555,1543,3363,4177,461,3503,4562,3417,4670,3922,2830,6194,8094,799,5217,4209,1099,3931,669,993,33,4790,3877,1734,3063,3274,911,1131,468,845,1704,588,655,983,1859,2228,71,779,0,2353,333,1222,2349,2536,1990,947,242,912,16,350,345,2868,2092,921,1001,905,817,5,2077,4173,567,3,11113,4111,1140,2451,1139,2908,2,2,698,569,631,310,1836,1490,1428,771,1043,1190,4,1,44,4,1243,569,112,219,217,1310,9,1105,218,190,4,136,589,128,349,869,88,311,88,386,490,459,4,477,219,656,1315,216,118,139,4,3,5,3,1,2,5,1,282,1094,3009,1,739,2,188,4,782,588,1074,2052,1202,1520,214,211,1288,2203,7215,2,3865,800,2,2273,146,142,883,269,1068,1085,2077,283,1244,2119,1029,2677,1477,1528,33,2,18,133,274,10,187,175,1605,1398,1898,2,1468,1545,2284,406,737,1782,987,1031,1,548,330,796,2,2,0,7,2,4,5,2,0,2,4,100,3,1231,1401,6,9,1682,2992,2435,410,3231,0,1,3,2,3,0,1,2,1,1,1,2
seq_002_SUB_SUB,444364,370,1,197809,1,26867,1,26867,emblAlpDB,1,NA,Plantago,Plantaginaceae,Plantago,,atcctgtcttctccaaataaaggttcagaaagcgaaaaggg,4,0,1154,6,4,2,2100,1029,4,76,5090,0,4888,378,10,1915,3351,3092,2262,2,4479,5954,5,46,4532,2943,3813,2457,2851,4367,3053,1267,6079,2859,3602,4,4025,2679,5,0,1234,2761,3700,3,2600,3708,1616,9,3631,8792,1577,6,2087,8053,2088,2195,8839,3,3,0,7,6,5,0,5,2,2,7,645,2,1333,2745,3826,200,339,3688,3465,4746,2522,5490,2744,3000,1310,233,5042,3,6,4952,9859,3,1521,4128,2189,2877,4767,6621,976,1212,2,1321,1135,185,3438,450,2623,1522,141,1420,747,247,791,758,3875,4385,1517,2459,5255,1159,1830,2613,6,5822,2,3983,1506,1,315,4,2778,3255,1561,2080,4157,1462,2997,651,5,905,2,4,1868,1,1,1339,509,0,709,1280,3,1,1843,891,3,6684,2,2,2,1070,201,6,1025,1719,1939,5,2417,4,954,1778,843,2621,5485,5524,1,2,1891,3,1,7,6,1233,2127,2071,690,812,2,595,3,5530,780,1,492,829,4,613,1193,7,3,1,0,269,4,7,3,11,3,1,0,0,3,2218,3,1,5,2,3,1,495,6,1,3,4,245,4,2,5,449,1,1,3,2,8,11,8,3,2,2,5,645,1,10,4,5,468,5,2,6,5,4,3,1,149,1,15,7,3,4,2,1,10,16,8,2,6,377,3,10,1,1,10,2,39,101,2,2,3,1,7,9,3,15,6,4,1,3,1,2,3,9,4399,3714,1101,3,4862,4118,3816,9019,2229,4928,5532,2097,5298,1887,664,5353,3,2,2280,0,1436,3,1,0,0,1,4,4,2,402,2,1,1126,2186,1450,1495,3,1553,1,1,4,238,0,2,444,2,2216,1098,1401,0,2442,422,620,1140,1781,1202,511,2598,2106,1503,1535,982,4,2,2,2,4,1,3,2,2,2,8,1,3,5,2,2,1870,11,1177,1320,4,2,4,7,2,1,1,6,1,2,6,1,3,2
seq_004_SUB_SUB,383367,369,1,745067,1,4210,1,4210,emblAlpDB,1,NA,NA,Asteraceae,Asteraceae,,atcacgttttccgaaaacaaacaaagattcagaaagcgaaaatcaaaaag,5,2,0,3,1,3,1,2,2,1,2,4,1,1,4,5,154,3,3333,3,3985,1077,4452,3307,3539,1702,3920,3105,3206,1443,2932,1091,1608,3,2774,2,2,2,3,3268,0,6,4,4,5113,4,1,1,5219,7,5119,0,3133,635,1,899,4,2,1,5,1,8,3,3,4,2,13836,8,2,1,4,4457,4134,99,3467,3468,2598,72,3,2,4170,4,2,1706,4579,2,3,768,2,1,2022,9,2804,4,5,1,4,1,0,1,1036,1,2,585,1190,1558,2,5865,1324,1857,3,1892,2,2,2863,1811,2105,10,929,1497,4,10,1,1,2335,3,2168,3675,1183,8289,202,1390,1082,3007,889,3,3040,13,1,4,4,1,3,2,1,3,2,768,3,0,3,8,3312,3840,3,627,1521,25,6,4,1,1,10,1,5,1894,1969,3,1094,3,3111,1744,4,2,2,1455,3,5,1,2420,1354,134,1176,1889,928,4,5,3,2340,2607,3199,5,3,3,1933,3,3,3,637,1372,4,1884,1,1571,3,1916,4,1465,3,4,2,1688,684,6,3,4,841,1777,2990,2,620,2,5,50,4,4,1,5,2,1,27,3,2,1050,4,3,2025,492,1690,2291,244,1823,817,1516,2,356,3043,1449,7,3204,244,1135,2,4102,516,451,2336,5489,1668,1213,878,763,2250,1545,939,5,1299,1129,758,0,1315,425,1132,3024,859,960,1000,909,620,1315,3,1,0,3,2,2,1,5,969,414,715,5,0,3846,1252,4465,3826,2360,1374,2375,1814,2470,647,1560,3168,6810,6283,1,3,2,4443,2,5,821,587,979,848,1317,336,3,780,5,4,4,1,13,1158,83,1085,544,947,214,990,1291,3857,3,2342,1,1628,326,2558,609,695,2,449,1164,1,2,623,0,985,1,3,3,2903,4,3660,4406,31,5497,3966,2543,6,4,6,0,1389,2114,3,9,693,2,1,1,0,0,0,1,0,6,2,1,1,0
seq_070_SUB_SUB_CMP,382863,354,1,3448,1,3448,1,3448,emblAlpDB,1,NA,Caltha,Ranunculaceae,Caltha,,atccggttttcagaaaacaaaaaaagggattcagaaagcaagaatcaaaaag,2,2,1,3,0,1,1,4,6,1,2,701,2,5,2,2,1,3,1,1,5,1,3033,2,3125,2918,820,2111,788,5723,5278,2868,8594,2269,2022,1,0,7820,1515,3,3141,2722,1,4,2541,5,7004,11186,3,2733,2207,2,788,5,3372,899,1,2,4,0,3,2,11,26519,1,1864,3,2,2,1,2,4,2,188,2,743,2875,4,3,1397,1,4204,2647,707,1,5,2,945,2,1,1,3,2,2,3,11956,3,0,2,1,3,0,713,1087,2,649,4,4,699,1,489,3,3,1,2894,629,3,1511,775,1838,4,0,3,30,4,2,1,759,1961,1813,7138,2142,3150,521,3392,2587,6425,5122,3,2,8107,1979,3600,3,1,1,2,2520,2,259,6,8488,1,2,3377,2,1422,3627,1158,2002,1609,2,1,3,462,1899,590,1239,2,2,2,2,1,4,4,4,3,4,2,2,503,5,4,8,0,4,4,0,1,3,1,1,399,2,815,3890,1,1395,1204,894,4378,2584,1,17,1326,3979,1594,1,3762,4713,7,2,1823,1171,0,1277,2,822,1088,475,432,2,31,980,1740,1,1,11250,2,0,1,3,2983,6531,2,0,1989,1489,1188,461,361,1261,718,544,336,814,4,3687,2,5,1019,1799,979,3,6,3,1,3483,4,588,2,0,3,3,5,2,3,242,3,1,1,294,4,2,1,5,2,0,0,0,3,4,2,0,0,1,0,4,2,951,1372,2,0,2,4900,5683,1707,1783,2,0,3201,570,436,4096,4,1,1041,1,1,6,5144,0,1058,1115,2202,1213,562,1429,3001,1420,2220,3089,594,1013,315,1,1,0,1,2,4,3,5,2,3986,2,3478,2,1169,2344,1789,1706,1,0,2,1467,0,1,0,2,0,2,4,2,1,5,2,0,1,2,3,0,5,1,1,3,0,9,2656,4,1949,1,2,0,1,3,2,1,1,1,1,1,3,1
seq_043_SUB_SUB,362336,368,1,3445,1,3445,1,3445,emblAlpDB,1,NA,Ranunculus,Ranunculaceae,Ranunculus,,atcctgctttcagaaagcaaaaaaagg,1,2,912,5,0,3,5,4,2,1,1,4,1042,3,2,1,4149,1,1010,2,2,651,1047,1,1456,2180,597,1004,219,1175,2282,1569,6,1891,695,5,2,1049,3,2844,0,1746,2478,4,1,1049,2,4,764,7,1043,0,2332,1866,2137,178,5,7,4,4,6,3,8,12896,2,5,0,2,6,3,3,5,1517,88,944,651,856,5,1,1838,1947,4,4,1663,3,3,0,3,5,1,1,4,470,5,39,2,665,2,2,3,4,0,3,306,4,496,1,415,430,926,297,5,53,1072,5,2021,1,1779,4,388,3,2,1514,2491,3262,2391,3470,2656,3726,4415,1483,1199,3652,1274,2586,2060,2,13,1931,6041,2,1582,2,365,1035,1186,2012,515,1397,3,3,4,1,1,1986,2817,490,3105,387,1764,6,3,1803,1093,2187,2719,2,261,1212,2,1,0,3744,2593,1171,600,3,2,1143,739,2476,2090,1025,425,0,622,1307,1877,1246,625,1126,2367,3670,2743,1998,2055,1371,2112,824,1400,1635,4137,3,18,1416,2,2,2132,4,742,3930,1,1756,1809,1219,1371,2357,1749,601,1968,923,1370,1573,373,1387,1441,2113,3662,2058,2,2117,3397,7,5384,3446,1,1601,1857,2314,1212,498,3,1612,4,1590,678,1717,1810,938,1987,1402,1187,481,2473,675,3664,577,1294,1522,2350,1429,1548,1313,239,1014,1736,276,820,1443,287,1111,898,1167,778,1364,1022,1462,1279,4,753,0,4,0,2,0,2,0,1,3,1644,1219,7,772,862,2,2058,1876,1904,2801,177,329,476,355,1075,1332,3024,2918,3,5098,1384,3,2,2446,1508,2470,820,867,1555,336,1794,1263,299,260,478,406,484,581,841,1199,769,1170,986,1286,478,1737,1632,418,2,1906,1034,1565,810,3,170,199,2,1,3,2,195,2,3,2,1871,4,233,1079,445,3,1783,4,4,3,2,8,0,2,9,1,5,920,726,1,2,0,0,2,0,1,5,1,2,3,3
seq_111_SUB_SUB_CMP,260497,352,1,371026,1,1110380,0.9375,1110380,emblDB,1,NA,NA,Polygonaceae,Polygonoideae,,ctcctgctttccaaaaaggaagaataaaaaag,1,5,1153,0,2339,2,3,2,1491,4,0,1643,2998,1573,1274,1,930,1,1,1,2687,1,2,1347,2284,3119,4643,1830,5434,2759,2618,2063,2,2142,2794,0,2,2646,4,2,1,1,2756,1,3,7566,2149,5,1,2464,375,1,1804,2,1524,633,3894,1,7841,4,1,3,0,0,4,584,3,2,6,1,4,5803,3,281,1168,833,1754,265,1,1229,4,3630,2933,1087,3409,0,2,1479,0,0,3781,871,0,2,2685,1,1274,429,2,2,1856,4,1072,833,1217,693,1378,1132,154,277,196,398,1672,876,20,841,1525,894,551,724,0,0,1,2,2,679,336,1,4,5,2146,741,568,29,1,2,2,6,0,3676,3172,2,3,3,0,2436,1043,427,0,1,2,3,2,2,2,2,1,5,1,1306,0,2,3,1,1126,1,730,0,746,6,2,2,310,2251,1,1,336,1452,2,3,1,812,772,2,1,1713,1,3,877,2509,272,2,457,2,1,1,84,1,4,549,1694,3,5,4,1,1,4,1168,742,695,0,1,3,1119,3,2,1,5,4,274,208,1,1,5,1,1,2,0,1,5,1,2,720,1,2,1,2,212,500,315,1,3,3,0,710,466,2,0,2,984,3,347,187,670,752,1,0,1,311,545,216,0,5,446,840,244,511,2,395,2,89,254,945,462,727,511,1253,429,2272,649,5,1,1,0,3,12526,1,0,4653,849,3719,3,1453,3904,4,1501,381,1986,1,1847,302,1,1140,2423,3,2,2,0,2,2,0,962,650,4,1,172,2,0,4,5,337,1727,1554,1009,1034,969,729,1,367,369,408,236,560,596,1020,775,256,1,0,554,746,732,1600,1020,345,4049,1667,499,1701,1242,1127,4,2,1,1,1820,3,2,0,2463,7,963,4,3,3,1,437,8,1161,2963,0,4,1,1,0,1,2,2,1,2,1,1,0,3668
seq_289_SUB_SUB,222968,331,0.979166667,10002824,1,102804,1,102804,emblAlpDB,1,NA,NA,Asteraceae,Asteroideae,,atcacgttttccgaaaacaaacaaaggttcagaaagcgaaaaaaaag,1,0,1,1,0,1,1,1,4,1,2,6,0,1,6,3,1556,0,241,0,0,2,3,3,369,571,5,647,696,155,1322,153,1157,1,3,1,2,1,0,1,1520,0,2,3,0,1,1,0,1831,5114,2363,1,1,2978,62,1015,1,1,0,4,3,1,1,0,1,1,0,3,3,1,1,6,1,3,1,2,0,3,1,1073,3530,2,1570,1,754,1,2,0,1,0,1493,4,960,2477,2126,1,3,3,0,0,2,0,1,1087,1,826,452,1,875,2,614,745,666,2576,833,2,0,6,1,573,2,3,3,1223,989,1695,2989,2291,1792,408,534,705,4123,1692,2329,1,3,2235,2,1,1,1,2,0,1299,3,1438,1300,1,1023,3,5,1,4946,2755,0,2184,1281,420,2,0,1,1094,5,1,1,2057,2128,1811,4560,2,3,6638,4801,1254,2880,3,3,1630,2,2681,810,1115,1885,2,0,3,1,1849,2,2,2085,988,531,718,1,741,2,862,1344,2,3053,1,1514,1462,403,3,1446,969,1,32,1162,1658,1068,3,2238,428,5,1061,1318,0,626,1,1,0,1632,0,6388,6082,1,1982,3,0,2,0,1,152,955,1049,349,207,1119,4,1276,1285,1554,1,4528,3,4,3,1724,207,1,0,1,1,1,162,3,3,1,2,4,1,1,2,3,1,550,1,195,1,1,558,2,1,0,923,1,0,0,1,0,2,3,1,1,1041,2,2,1,3,1108,0,2355,1087,2,1,4,1,2,0,574,1732,2358,0,1,3851,166,2392,1511,72,1,0,1,30,2,38,240,892,1008,3237,1435,1618,947,0,2,2,2,1,1,1,4,1,761,559,2,317,349,335,827,2,393,0,1,1,3,1616,1,1,1,2,0,3,0,2,1,5,1,1,0,3,1,2076,0,997,532,1907,2774,0,1425,1,1,0,1,0,1,0,0,0,0,0,0
seq_048_SUB_SUB_CMP,197410,330,1,23138,1,23138,1,23138,emblAlpDB,1,NA,Alchemilla,Rosaceae,Alchemilla,,atcccgttttatgaaaacaaaggtttcagaaagcgagaataaataagg,0,1,1,2,2935,2,5073,3262,1,3,3,10267,5,1931,13,4996,3388,9936,6,1,8,7716,1695,5,3577,529,2220,1147,881,968,873,718,2535,14,2675,5,3,6,16,1,0,3788,10,11673,1981,13,1,1,6,1,1113,6,570,562,3,1807,1,2,1,2,4,3,1,0,1,1,0,1,2880,2,3,1,0,44,0,900,1,2,856,1100,2000,3,1,0,3,3,2,2377,0,0,3,1,0,2520,29,5,2,3,0,0,1043,2,2353,933,2952,3954,3538,1830,2425,4030,5547,3066,955,6614,1580,1733,3,1288,1792,1504,2,2,2,0,4,1,2,2,2,5,3,1,3,0,3,1,2,6,0,1,0,2,2,0,0,2,1,0,1,1,1,1,3,3,1,4,2,0,3,3,2,0,2,2,3,1658,2,1,1,1,1,2,0,1,2,1,2,7,1,3,553,2,5,0,1,0,3,0,0,2,1,1,2,1,3,1,2,1,0,528,3,3,1,8,3,2,3,2,1,2,2,0,0,3,1,2,1,4,1,1,4,0,0,2,2,3,1,0,1,0,0,0,2,2,1,1,1,0,1,1,203,0,2,2,2,222,0,2,2,1692,0,0,151,888,1,392,3,1,318,20,2,2,1,951,583,652,0,1,653,313,0,372,2,1,624,1,707,1135,2,136,1,1,3,0,1,1,0,0,0,1,2586,1,11,3,839,2,335,3,1,526,9,1206,348,1329,2,1951,3,3,2,2,2,2,360,2,1,389,0,0,2,4,1016,371,0,170,251,533,960,467,0,270,86,282,316,292,1095,1012,385,2,2,1,392,181,1323,976,874,21,1116,192,893,2038,0,1,0,0,3,2,1036,3,3,1,3,1,4,2,0,3,1155,3,3260,2137,2632,322,2,2,2,1,2,1,1,3,1,1,4,2
seq_332_SUB_SUB_CMP,193685,342,1,46323,1,46322,0.98,46322,emblDB,1,NA,Luzula,Juncaceae,Luzula,,atcttaatctggagaaaatttgtttctctataaaaactagaatcaaaaag,2,2,1,2,2,1,3,1,2,0,2,0,1,1,3,0,1,1,2,0,1,0,4345,0,2,1,1,0,3,1,588,2,1,0,1543,2,2,3,3,2,0,1,2,1,2,1,4287,0,1,1,0,0,1,817,3,21,1,3,4,1,0,5,6,2,5,3,1,3,3,1,1,3045,2,2,6,1,4,3,1100,1011,2,2,1,0,448,6,3,2,2,0,2,2101,0,5,3471,1,0,1,2,1,4,2,1,2,606,1445,386,515,4,1089,1,502,1013,2,485,1390,0,4,805,2286,4,3,2,1,2,4,1038,391,1516,208,1,5,1,1539,3346,2,549,633,4,1,11298,0,2,4,0,4446,1524,1,45,0,3801,7,0,3,4,4762,2,2,636,4,0,2,2,2,0,4212,2,1,769,3606,1682,1,2,1,2233,1168,1,0,944,288,283,2688,1527,2509,2276,1355,2,2,601,2638,1839,1,5,1,2,1,7,1,347,2,5,5,10,12,1,2,2,1,2773,2,2669,748,993,2,4322,4,1,1493,1,725,1586,0,0,1,3,2236,2,2,0,3,0,4813,8494,4,2,2,841,2175,1131,435,1386,697,4634,1227,2953,1789,1864,2003,717,1314,1,6,0,2657,605,0,4,0,0,3,713,1277,1295,1323,718,838,594,84,2,2,132,538,5,0,3,49,3,119,2,2,1,1,0,3,1,1,1,3,2879,2533,342,3,2,3,2,4,2,2,1,584,1,1,2,1,120,1,2064,4,2,2134,2659,2,103,1098,2,1239,5,321,316,2,1,1091,2,444,499,658,200,0,2,2,722,181,676,6,777,2,401,2,784,676,1,260,1,707,247,782,0,608,720,2,2,3,0,2,17,3,0,2,2,3,1875,1,1,4,2,2,2,3,2,3,0,2,1,2,1,2,3,3,0,3,5,2,0,1
seq_138_SUB_SUB_CMP,187204,303,1,38784,1,3515,0.983606557,3515,emblDB,1,NA,Alnus,Betulaceae,Alnus,alberi,atcctgttttccgaaaacaaataaaacaaattgaagggttcataaagcgagactaaaaag,0,0,0,0,0,0,1,0,2,3,0,2,1,1,2,3517,0,2,2,0,2,2,1,3,3,683,0,2,2,380,1,2,2,1,2,1,1,3,0,1800,1,0,3,4,0,2,3,1,1,1450,990,2,0,1924,3,2,1,5,1,4,1,2,4,1,2,1,2,1,0,0,2,3,1,3,268,1572,2,3,0,2,4,1,1,3,730,3,3,3,1,5,5591,3,0,6,1,0,0,0,3,1,2,0,1,1397,1516,1411,1637,2386,1580,561,620,928,15300,2333,10443,3909,4515,13118,2800,6226,3,0,2,4,0,1,1,1,2,1,5,1,0,2,1,2,1,2,0,0,3,0,3,1,1,1,0,0,2968,1460,7460,2005,1,1,2,2,3066,2,1046,0,0,3,1,1,3,2,2,2,3,0,1,0,3,2,5,1,0,6,1,2,1,0,3,0,2848,1451,1,1,1300,5870,1667,6132,1,1,3,1,1,1,2,2,0,2,0,8,0,0,2,2,2,2412,2,1,3,0,6,2,2,0,2,1,0,0,2,1,1,1,1,2,2,2,1,1,2,1,0,1,1,5,0,1,2,0,1,0,0,1,1,1,2,2,2,3,0,2,1,0,0,1,1,1,2,1,0,1,1,1,0,1,1,2,3,1,1,0,0,0,0,0,0,5,1,1,0,5,0,2,0,3,2,0,2,2,1,9,3,3,3,2,9,1,0,2,2,976,0,2,1,1,2,2,0,1,0,1,1,3,0,1,0,1,501,6,643,673,600,254,1,1,2,4,1,0,2,2,3543,809,2193,2,2702,4150,5533,1018,940,5245,2100,5344,0,6566,3245,3722,1,2,2,2,2,1,1,3,0,2,2,1,2,1,6220,2,0,7,957,3,0,0,5,2,2,0,1,1,1,3,2,0,0,1
seq_113_SUB_SUB,157227,228,1,10000040,1,102810,0.980769231,102804,emblDB,1,NA,NA,Asteraceae,Anthemideae,,atcacgttttccgaaaacaaacaaaggttcagaaagcgaaaagaaaaaaaaa,0,1,1,0,0,1,1959,837,3038,2045,4825,4821,7491,1384,1,1,5987,3713,3437,1,1464,1418,6887,2120,1358,5725,5076,1758,1310,3959,5249,2109,487,839,972,0,1,4146,2842,1627,2,1373,1,0,1667,1,3026,2,0,1964,1,0,1163,3204,0,825,1,1,0,0,3,0,0,1,1,1,1,0,1,0,0,4,522,1,0,0,1,1,0,0,701,0,0,1,0,0,1,3,0,0,695,1803,1,0,1,2,0,0,1,0,0,1,4,520,2,2,0,1,1,2,0,0,0,0,3,0,0,3,4,1,1,1,0,1,1,0,0,2,0,1,1,2,3,0,0,1,0,3,1,0,0,5,0,1,0,0,1,2,2,0,1,1,0,1,1,1,0,0,0,1,1,2,2,1,2,1,5,1,0,0,2,0,0,1,0,0,1,1,2,0,0,0,1,1,0,1,1,0,0,0,0,1,2,2,0,1,2,0,0,2,0,0,0,3,0,1,0,2,1,1,2,0,0,0,1,0,0,0,0,0,0,0,0,0,0,0,0,1,0,1,0,0,0,0,1,0,0,0,0,0,2,0,0,0,0,0,2,0,0,1,0,0,0,0,1,1,0,1,3,2,0,1,0,2,3,3,0,0,2,1,3,0,1,1,0,3,5,1,0,5,3,2,0,0,0,0,1,2,6677,2714,21,1,0,2520,2456,2321,1365,1,665,718,516,351,245,4939,2,0,1,0,0,0,1,1,2,0,0,1,1,1,1,3,1671,331,1,1,242,2,0,0,2,1,2,1,1,1,1,0,0,0,409,0,0,1,1,0,0,1,0,0,0,0,2,0,1,1,0,1,15,3,1,0,1339,0,2,19,3860,0,1613,2668,2035,2375,3844,4952,0,1,0,1,1,0,0,1,0,0,0,1
seq_271_SUB_SUB,129756,238,1,57943,1,23138,1,23138,emblAlpDB,1,NA,Alchemilla,Rosaceae,Alchemilla,,atcccttatttatgaaaacaaaggtttcagaaagcgagaataaataagg,1072,1,2,6,1,17,1,2,3294,4654,6298,53,3286,1647,4403,2769,4677,1617,2261,0,2488,2569,2185,1565,1350,1703,797,1592,1072,1239,513,915,3526,2631,679,0,2703,748,3759,2669,1,1491,4345,5,1926,1463,0,2,2949,2,570,0,1475,116,1113,364,1,2,1,1,0,0,2,1,0,1,0,0,1354,1,1,0,3,0,0,735,2,2,1,2,3,0,0,1,1,1,0,2,0,0,0,1,0,1,1,0,2,238,0,0,0,0,2,1,0,362,281,659,288,2,1,626,0,1,424,0,2,7,1,4,0,1,1,0,0,1,0,1,0,0,1,0,0,1,1,1,0,1,0,0,0,0,1,0,0,0,1,0,1,0,2,0,0,0,0,1,1,2,2,1,0,1,1,0,0,0,0,2,0,1,0,0,1,2,2,1,1,0,0,1,0,0,0,0,2,0,0,0,0,0,1,2,0,0,0,0,2,2,0,1,0,1,2,6,2,0,1,0,1,0,3,0,0,0,1,1,0,1,1,0,0,0,0,1,1,0,0,0,1,1,0,1,1,1,1,0,0,0,0,0,2,0,2,1,1,0,0,0,0,1,0,1,0,0,0,0,0,1,1,0,1,0,0,1,0,0,0,1,2,3,0,0,0,3,0,0,1,2,1,1,0,1,0,0,1,0,0,1,843,4440,1997,1,3386,649,4467,132,2261,956,3807,716,1700,2307,431,3706,2,4,1,1,1,1,0,0,0,0,0,0,0,1,2,2,266,2,0,959,1,131,0,0,0,1,1,2,4,1,2,2,1,0,1,1,2,1,103,1,222,608,1,0,164,236,1,1,0,4,1,3,1,0,1,0,3,0,0,0,1,2,0,2,1,1981,0,1758,2,3,0,3,1,1,0,2,1,0,0,1
seq_011_SUB_SUB,122530,291,1,3618,1,3618,1,3618,emblAlpDB,1,NA,Rumex,Polygonaceae,Rumex,,ctcctcctttccaaaaggaagaataaaaaag,1,0,0,2,1,2,1,0,2,2,0,3,2,1,0,1,0,1,1,0,2,0,0,1135,1,2,0,5,305,0,0,333,1,2,1,1,0,0,1,0,979,1,1,0,0,3,1,2,1,0,0,0,3,1174,0,1,2,1,3,2,0,1,1,2,1,2,1,1,2,0,1,3,0,106,1,0,0,1,2,1,1,4,1,2,2,1,1,2,0,2,2,3,1453,1,0,0,1,1,1,0,0,1,0,0,2,0,1,1,2,111,377,59,0,2,777,0,2,5,508,600,0,1,1437,0,0,1,1,787,255,0,0,1,1,0,404,521,1,935,2,2827,1427,1,582,0,0,1,0,0,0,1,0,2553,1,1,1,0,656,0,4,1,2,1442,0,2,2,1,915,1,0,885,0,0,1,0,349,1,0,4,3,2176,0,0,4,743,1585,942,0,0,1,2343,429,856,3,0,0,3,1094,2,240,849,0,2,2,298,1,2,1,1,1348,2893,2,1,394,308,1,2044,1,0,671,753,2,609,4,1,4657,1,58,1083,1,3540,684,2,1,67,1,1,1055,885,2,605,1717,1,1,0,497,975,0,0,1407,0,411,213,161,1853,1245,0,0,1,469,1296,526,0,1587,418,1571,1514,494,299,705,629,809,732,386,881,642,2,2115,700,0,1867,3,1,1,1,0,3,2,1,0,1,0,0,2,1,2,2,0,1,1,2,1,0,2,1,2,1772,1,0,1001,5684,2848,0,807,1,1095,657,1019,1117,333,795,3,3,1,0,1,0,187,709,670,475,1590,596,1153,589,504,0,0,1,432,710,596,426,1,3,0,11,0,549,1,224,2110,1,3731,0,1,1,1,970,0,1359,4,1,2037,2554,1,2,1,4,1,3,0,0,1,1,1,2,1,0,2,3,0,0,4,2
seq_999_SUB_SUB,121774,253,1,669703,1,669703,1,669703,emblAlpDB,1,Hedysarum hedysaroides,Hedysarum,Fabaceae,Hedysarum hedysaroides,,atcctgctttccgaaaacaaacaaataaaagttcagcaaagtaaaaataaaaaaaag,1,0,0,1,0,3900,1,929,1,0,0,5466,0,0,1,0,2,2,1,0,0,0,2,1,1,574,0,547,492,0,1,0,0,2,1,0,0,606,2,0,4348,0,0,2,0,2,4364,0,1,1,707,1,0,749,3197,904,1,4,1,0,0,1,7,1,5,1,1,0,1,1,0,2,0,2,0,3,0,3,1,1,0,0,2,2,1,0,1,0,0,1,1,2,1025,2378,1,0,0,1,0,1,1046,0,1,2,2,0,1368,3,382,917,411,1,1488,3279,0,1,1687,1323,62,1,2,1,1,3,0,841,1377,0,1059,0,2,584,0,1,0,1684,713,3,0,0,0,1,2,1,0,0,1,465,1,344,2,5930,2713,0,1,0,1,1,497,0,0,0,2,0,4,1,628,2,1,1,0,1,0,0,0,731,2,0,0,2,0,344,651,3,0,1,1,1,1053,0,1386,2187,0,0,1,1,1433,123,176,1,1,1,1,4,0,0,2306,0,0,0,3,0,359,435,2,12,1,1,0,1,559,0,3,2,0,2011,0,1,0,0,1,2,0,0,3,0,218,0,243,0,0,0,960,1382,0,1,1,1,0,0,582,354,0,10,240,1,1,1,3,1,0,1,1,324,210,5,1294,329,0,298,606,659,506,1,906,200,301,428,262,836,0,2,0,0,3,0,0,0,1,1651,1,0,0,0,785,0,2,1,0,1,0,1,1,0,2,0,1127,0,2,2,4,0,0,0,1,0,2,1,0,213,365,403,34,884,495,3,183,224,930,352,0,0,346,583,2342,1132,47,0,973,956,647,421,524,604,2325,752,749,1494,2,1834,1,2,1,0,0,479,995,2105,1,0,0,2441,8481,3,0,1,0,4,2,2,0,0,0,0,0,0,1,0,1,0,1,2,1,0
seq_546_SUB_SUB,113385,256,0.75,10000819,1,478958,1,478958,emblAlpDB,1,Helianthemum nummularium,Helianthemum,Cistaceae,Helianthemum nummularium,,atcctgttttacgagcaattcaaaaaggaatcaaaaatag,0,2,0,1,0,1557,3,0,2821,1375,2,5515,1378,613,2,1,2,0,2,0,1453,344,3,2933,684,3,3,689,0,1,1,0,1,0,1,1,3,2888,4598,0,1,0,1,2,0,1,1,0,0,3,649,0,1,532,1101,518,1,1,0,0,1,3,2,0,2,0,6,0,1,0,3,3,2069,1,0,2037,652,1,2,0,3,0,2513,0,0,0,0,1,0,1,0,1,859,0,1,0,0,1,872,0,935,0,978,0,4073,2232,432,1143,1364,2554,1390,2851,112,2766,4094,586,4034,118,943,1830,0,1,1,2,0,1,0,1,0,0,2,1,2,1,1,1,2,6,0,3,0,0,1,1,1,1,3,0,1,0,0,2,1,1,1,0,0,0,0,1,0,0,0,1,2,0,1,2,244,897,0,1,1,1,2,1,1,1,0,0,0,1,3,2,783,1769,1,2,218,1589,5,1,0,0,0,1,1,0,0,2,1,0,1,3,0,3,2,797,2,2,0,0,1,18,0,0,2,0,1,1,0,1,2,1,1,1,0,0,0,0,1,2,0,0,0,0,0,1,0,2,1,1,1,0,2,0,1,1,0,1,2,0,0,1,2,0,1,3,1,2,3,1,0,1,1,0,0,0,0,1,1,1,1,0,134,0,1,1,0,0,1,0,0,2,1,1,0,0,0,0,535,2,270,2752,5579,578,405,0,596,1,916,354,2,2800,3,832,0,0,2,1,2,1224,1,0,2,2,2,2,1,1,1,0,0,0,1,1,0,1,0,2,1,0,1,175,385,1955,1022,1,478,1714,2735,698,1498,52,839,543,591,956,1228,955,2,2,2159,0,3,0,0,0,1,2,2,1,0,3,1,1,848,1051,2,0,0,0,0,3,0,0,1,0,0,1,0,0,3,1
seq_133_SUB_SUB,91896,200,1,40568,1,4381,1,4381,emblAlpDB,1,NA,NA,Campanulaceae,Campanulaceae,,atccggttttctgacaataacaaaaggttcagaaagcgaaaatcaaaaag,0,0,1,1,0,2,0,0,0,2,1,0,0,0,3,0,2,1,2,0,0,0,2,1434,0,1,1298,357,1,613,2834,1221,0,0,0,1,1,0,0,1,0,2928,0,2,0,0,0,0,1,0,974,0,0,1251,340,1005,0,3,2,0,8881,1,2,1,1,1,0,7917,2910,0,1,1914,0,0,1,0,2056,2,0,1,0,1,0,2482,2136,0,0,1,0,2,0,0,1,0,0,0,0,0,0,1,0,1,1,0,1,0,0,0,0,287,987,478,1,2,1,975,0,1,0,0,0,1,7487,1,1,0,1800,3,1,1322,0,2316,0,580,1981,1,1,3,3,0,0,1,2,0,0,1,0,0,1,0,1,3,0,1,0,1,1,0,0,0,1,0,0,1,0,0,0,0,0,1,0,1,0,1,1638,0,1,2,0,0,2,0,1,1,970,0,1,2,1,1,1743,0,0,1043,896,0,716,0,0,219,0,1,0,5,1,0,1,2,1,5,0,2,1,0,1,2,0,0,0,1,1,3,0,0,0,0,1,2,0,4,0,3,1,2,0,0,0,0,0,0,1,0,0,0,784,304,0,0,1,0,0,1,0,1,0,564,2624,1141,372,602,2,1,0,2,0,128,366,822,2,543,1,0,0,971,1,1,1012,237,0,3,2,0,0,2,1,0,0,1,0,626,433,0,0,40,1,0,0,720,0,0,0,1,2,1112,2,1,0,0,0,1,1,0,0,1,0,6,0,0,3,0,1,571,628,0,2120,3,0,0,5,282,0,459,0,381,226,648,0,0,1,252,377,0,0,0,13,1,0,2,2,0,0,0,0,0,1,6,0,0,3,1,0,0,0,0,0,0,0,5,1872,2677,0,0,0,0,0,0,2,1,1,0,0,0,0,0
seq_383_SUB_SUB,84300,207,1,23204,1,23204,1,23204,emblAlpDB,1,NA,Potentilla,Rosaceae,Potentilla,,atcccgttttatgaaaacaaacaagggtttcataaagcgagaataaataaag,1,1,0,2,5447,0,1,0,0,1,0,2,1525,834,2,4825,1394,4,0,2,1873,0,0,2,1,2,0,342,672,595,0,1463,1610,4,1439,2,0,2680,2255,0,1,0,0,0,1,3913,1,1,0,0,3,1,1323,593,2,1,0,0,2,2,0,0,1,1,0,0,2,0,2,0,2,1,1,1,0,1,1,0,1,0,1,1,0,0,0,0,0,2,0,0,1,1545,1,0,0,0,732,0,2,0,1,0,2518,257,2162,577,2495,322,3845,538,2374,2797,582,2654,0,1256,2282,3515,511,20,1,1,0,0,2,0,1,1,0,1257,0,0,0,2,2,1,0,1,0,0,0,0,1,0,0,1,1,0,0,0,0,2,0,0,2,1,0,1,0,1,0,1,2,1,2,3,0,0,0,0,1,2,0,1,2,0,0,0,0,0,0,2,1,1,0,2,1,0,0,3,1655,2,1,0,1,0,0,0,0,1,1,0,0,5,0,0,0,1,1,0,0,0,0,1,2,2,0,0,1,0,2,0,1,0,0,1,1,0,0,1,0,0,0,0,0,1,1,0,1,193,0,0,0,0,1,107,0,0,0,1,0,1,2,0,0,0,0,0,0,272,0,0,0,1,1,0,0,2,1,0,0,0,0,1,1,1,0,1,1,1,0,0,0,2,0,0,0,1,0,1,0,1,1695,1,4,1,1,1231,0,1,944,0,107,0,0,1,1,1,0,0,0,1,2,3,0,0,1,0,0,0,1,0,1,0,0,1,0,0,1,1,0,1,0,0,1,556,1167,2,1421,639,2192,597,817,475,384,285,1,0,501,0,1,1,0,1,1,2,1619,0,0,0,0,2,2,1,0,0,0,1,982,1,0,1439,0,2,0,3,0,4,1,1,0,0,0,0
seq_592_SUB_SUB,82970,221,1,4605,1,147387,1,147387,emblAlpDB,1,NA,NA,Poaceae,Poeae,,atccgtgttttgagaaaacaaggaggttctcgaactagaatacaaaggaaaag,0,0,3206,1,2,1,836,0,2,1,3,2,0,1,0,0,0,0,1,0,2,2,0,2,759,1,548,267,433,1,0,493,0,2,0,2,1,2,1,4,0,0,12313,3,1,0,0,2,0,3,0,2,3,1,741,1,0,0,1,0,0,0,2,2,2,0,1,0,1,0,1734,2,0,1,0,1,3,1,1,1,0,5,0,2827,1545,1,0,0,0,0,1249,0,0,1,0,0,758,1692,1,0,1,0,0,1,1,1341,0,6,354,1,2,1,2,1,0,0,0,7,0,1,2,0,0,0,1,0,0,0,1,0,1992,0,1,0,1,0,1,2,0,0,0,0,2,0,0,1,0,0,0,0,6,0,0,1,0,0,2,0,0,0,0,0,0,2,0,2813,0,2,0,1,0,0,2611,0,0,810,10277,0,2717,3,1,660,1,705,1910,5,2215,0,0,1,1460,2,149,0,4,0,0,1,0,4,0,1,1,5,0,0,1,0,1,0,1,0,2,849,1,1,872,668,1,1,0,1,0,0,0,0,0,1037,1,3,54,1,2123,1,0,1,238,1,288,1,492,1,1,0,1,2,2,1,2,0,0,0,1,1,554,0,0,8,0,293,952,2,649,0,263,384,1,130,1,1,1,338,2,0,0,269,371,0,0,0,0,0,1,0,1,1,0,3,0,1,3,0,0,1,1,0,1,1,1,1,2,1,0,2,0,1,1015,0,0,1,0,1528,1033,0,0,1,1,1,0,2,1,0,1,2,1518,0,288,0,0,0,718,30,244,0,0,0,1,0,0,2,0,0,0,0,0,2,0,5,0,0,0,0,1,4564,1,0,0,0,1,0,0,1,2,2,2,1,1,1,1,1793,1,1,2,28,0,2,1,0,0,0,2,1,0,1
seq_1172_SUB_SUB_CMP,71706,182,1,102810,1,102804,1,102804,emblAlpDB,1,NA,NA,Asteraceae,Asteroideae,,atcacgttttccgaaaacaaacaaaggttcagaaagcgaaaagaaaaaaaa,0,1,0,1,0,1,264,124,420,274,623,652,1143,284,4,3,752,472,564,0,178,164,868,332,231,1928,645,272,188,592,845,247,71,80,148,0,0,564,434,211,0,248,1,2,251,0,371,0,1,225,0,0,166,494,0,100,0,0,0,1,1,1,1,2,0,0,0,0,2,0,0,0,63,1,0,0,0,0,0,0,1597,1,0,2,2,0,0,0,0,1,92,220,0,0,0,0,0,3,0,0,0,0,2,50,0,0,0,0,0,0,1,0,0,0,0,0,0,0,232,1,0,0,0,2,1,0,0,0,0,0,0,3,0,1,0,0,0,0,0,0,0,2065,0,0,0,1,0,0,0,0,0,0,0,0,0,0,1,1,0,0,0,1310,0,0,0,1,1262,0,0,1,0,1,0,0,1,1,0,0,0,0,0,2,0,0,0,0,0,0,0,0,1,0,1,0,2,1,0,0,0,1,2,0,1,1,1,0,0,0,0,0,0,0,0,0,1,1,0,0,1,0,0,0,0,1,1,0,1,0,0,0,1,1,0,0,0,1,0,561,1,0,0,2,0,1,0,0,0,1,0,0,0,0,2,1,0,0,0,0,1,107,354,0,0,0,1,357,1,365,346,0,108,190,2,1,1,910,877,0,304,647,0,0,0,1,0,0,1,0,7023,5108,4692,1,0,848,426,336,819,1,786,91,133,52,21,727,4,0,0,0,1,0,0,1,0,0,1,0,0,0,0,393,310,64,376,1,34,1,2,6,487,102,468,345,1,28,1,0,0,0,614,1,0,0,2,0,1,0,0,1,0,0,0,0,0,0,0,200,2291,927,0,0,5131,1,0,5386,633,0,290,325,255,3312,570,661,2,0,0,0,0,1,1,0,0,1,0,0
seq_798_SUB_SUB_CMP,63911,202,1,379956,1,4028,1,4028,emblAlpDB,1,NA,Geranium,Geraniaceae,Geranium,,atccttttttacgaaaataaagagggtctcagaaagcgagaatagaaaaaaaaag,2,0,0,1,0,2,0,0,3,199,865,0,0,3,1,0,0,1,1,0,0,935,1,0,599,0,0,0,1,230,0,1,0,0,0,1,1,0,3,1,0,1,0,0,0,0,0,0,0,1,1,1,1,0,1078,1,0,0,0,1,0,0,0,0,1,0,0,0,1,0,0,0,0,2,0,1,1,0,1,1,2,2,1,1,1,1,0,0,0,0,0,2,1,0,1,0,1,0,0,0,2,0,0,1,15,661,1107,2649,249,788,868,1616,1937,1040,2793,310,662,415,785,532,0,0,0,1,473,0,0,0,0,1,0,1,0,0,1,1,1,1,0,0,0,0,0,1,0,0,0,239,0,0,0,1,1,1,0,1,0,0,698,0,0,1,0,2,893,0,0,1,0,395,0,0,0,0,0,0,0,0,1,0,1,0,0,1,556,0,4475,0,998,0,0,32,0,0,0,0,259,702,2,92,1,0,2,3,2,0,3,0,0,2,0,736,144,257,94,3387,2,0,0,391,0,1,0,0,1,10,0,0,0,7,1,0,3,1,0,0,26,404,302,0,1,0,1,1,0,193,1,0,0,1,0,0,1,456,107,0,633,0,323,257,0,0,0,1884,496,653,25,89,348,230,572,329,769,686,154,491,506,98,368,63,1,0,0,0,0,3,1,0,0,0,0,0,638,1,1,2,2,0,0,300,0,0,0,227,0,1,0,0,0,0,0,1,1,142,379,40,881,361,0,0,0,1,248,255,0,349,502,50,1,368,57,33,939,1360,944,921,792,2,1160,558,1819,1408,0,0,112,0,0,1,336,92,1078,0,0,1,0,1,1,0,1357,1,1,0,0,1,1,0,0,579,0,0,0,0,0,0,0,0,1,0,1,2,0,0,1,0
seq_759_SUB_SUB,59008,163,1,50241,1,50241,1,50241,emblAlpDB,1,NA,Veratrum,Melanthiaceae,Veratrum,,atcttgattttgagaaatcaagggtttaggtttagtttctaaaatcaaactagaataaaaaaa,0,0,0,2,0,0,0,0,1,0,1,0,1,0,0,0,0,0,0,1,1,2,0,1,1,1,0,0,0,0,0,0,0,0,1,1,0,0,0,0,1,2,1,2,0,0,1,0,0,0,0,0,0,0,1,0,0,0,2,1,2,1,0,0,0,0,0,1,0,1,1,0,2,0,1,1,0,1,0,0,1,0,0,0,0,1,1,2,1,1,0,0,0,0,0,0,0,1,1,2,0,0,0,0,1,1,0,0,349,0,0,186,0,1,1,0,0,4,0,1,1,1,0,4253,0,0,0,1485,4,0,0,0,979,0,0,0,1,3,2,0,0,1,0,0,0,0,0,1,0,0,0,1,0,0,0,0,0,0,0,0,0,0,0,0,973,0,0,1,0,0,0,0,0,1,752,0,0,9192,0,3046,0,1296,0,774,1256,0,0,0,0,0,3,0,0,0,1,1,0,0,661,0,0,0,165,0,0,0,0,0,0,0,1803,0,0,210,0,1,1,1,0,1,0,0,0,0,0,0,0,0,0,0,0,1,509,1,0,0,196,0,858,320,1,0,0,1,0,0,0,0,0,2418,616,461,1,701,1,0,0,0,0,1,0,0,1,78,1,253,504,1,593,1745,118,369,960,642,1476,2,1309,706,1,2639,0,0,0,0,0,0,1,1,0,1,1,1,2,1,0,1,0,0,0,2,0,1,2,1,0,1,0,1,0,0,0,0,1432,0,0,0,0,727,332,18,0,1,1,0,1,0,338,236,1331,1164,1077,391,29,629,0,2612,1,1,0,253,0,2,0,0,0,1,0,0,0,0,3,3,1,0,0,0,1,1144,1,1,1,0,0,0,0,1,0,2609,0,0,0,3,2,1,0,2,0,1,0,0,0,0,1,1
seq_621_SUB_SUB_CMP,58933,162,1,21496,1,21496,1,21496,emblAlpDB,1,NA,Gentiana,Gentianaceae,Gentiana,,atcctagttttcgaaaaagcaaaaagaaaggcttagaaagaaatgaaagaaataaag,1,0,1,2,0,2,2,0,0,0,0,7210,0,1,2,0,1,1,0,2,72,199,0,0,0,1,0,3,2897,712,1,1116,0,1,0,2,0,0,3,1,0,0,1,0,1,2533,0,2,1,0,2,1,1,0,0,0,0,2,0,0,1,0,0,4,1,0,0,1,0,1,2,1,4076,0,0,868,0,0,0,0,2,1,0,1,3,1,0,1,1,0,0,1,0,3893,0,0,0,1,1,0,1251,0,0,0,1362,1,0,0,1,290,585,1,1,0,1,0,1,5,2,1,2,0,0,0,0,0,1,784,3,1,0,0,0,0,0,0,1,0,0,0,0,0,0,0,0,0,1,0,0,0,0,0,0,0,0,0,0,1817,1,0,0,1,1,0,2024,0,1,0,0,0,1,0,0,1,1,1,0,0,0,0,0,695,0,0,0,0,0,0,1,0,0,0,1224,0,0,2,1,0,481,666,0,2,2,4,0,1,0,1,0,0,0,0,0,0,0,1,0,656,0,1,0,0,1,0,2632,2,1911,0,0,1,0,1,0,1,0,1,1,0,0,974,1,0,1,0,375,0,0,1,0,0,0,479,0,0,0,0,0,0,0,467,1,0,0,1,0,179,163,0,662,1,0,1,0,0,0,0,0,1,1,8,0,1,0,1,0,0,0,0,0,0,0,2,3,0,0,2155,1394,0,0,0,1143,1756,129,0,7272,1,2,3,0,0,0,0,0,0,0,0,0,1,0,0,0,727,0,0,0,2,0,0,1,173,426,0,2,91,0,1,27,1,387,4,0,0,1,0,0,0,1,0,0,0,0,1,0,0,0,0,0,1,0,2,0,0,0,0,0,0,0,3,1,3,0,1,1,2,0,0,1,0,0,0,0,0,4,0
seq_571_SUB_SUB,57577,175,1,46052,1,46052,1,46052,emblAlpDB,1,Bartsia alpina,Bartsia,Orobanchaceae,Bartsia alpina,,atcctgttttcttaaaacaaagattcagaaaacgaaaaataaag,0,0,0,0,0,0,0,0,1,1,0,1,0,0,2,0,0,0,1,0,1,0,1,0,0,0,858,281,0,454,643,0,1,0,0,1,1,0,1331,0,0,0,0,1,0,3177,1,1,0,0,1171,0,778,1,1,0,0,1,1,0,0,1,0,1,1,0,0,0,1,2,0,0,1,0,1,0,1,0,0,0,0,0,0,0,2131,0,2858,1478,0,1,0,0,1685,0,0,0,943,0,0,0,0,0,1,0,935,0,1,1,0,0,2,1,1,2,0,828,0,6,1,400,0,0,0,2,0,0,0,0,0,2,0,1,0,1,1,0,127,3,0,0,4681,0,1,1,0,0,1110,2,1308,0,2,0,0,0,0,0,1,0,880,0,0,2,0,0,772,1,538,1141,0,0,0,0,0,0,0,0,0,1,0,0,717,457,1,1,0,0,0,0,1,1,0,1,0,495,1,1,0,1,282,425,1,0,1,514,1,0,0,1,0,0,0,1,0,0,0,0,0,0,0,299,0,0,0,0,0,0,0,0,0,1,0,1,1,0,0,1,148,2,553,10,299,0,0,0,0,2,2,0,0,1,1,0,2,0,2,0,0,0,0,324,0,603,1,1,600,878,204,558,387,0,104,73,756,1,2,0,1,1,0,749,6,0,0,0,0,0,1,0,1,0,0,1,0,0,1,1,0,844,1,0,0,0,0,0,0,0,0,0,1,0,1649,0,142,277,1,0,1258,401,1000,1,0,1397,772,0,1022,0,0,182,0,76,588,261,259,833,1,0,0,0,1,80,0,182,7,1,1,1526,2,2183,1,316,4,1,0,1,1,0,0,863,0,0,0,1523,0,0,0,0,1,3,0,1,0,0,0,0,0,1,0,1,0,0,0,0,0,1
seq_1797_SUB_SUB_CMP,52725,155,1,39414,1,26867,1,26867,emblAlpDB,1,NA,Plantago,Plantaginaceae,Plantago,,atcctgtcttctcaaaataaaggttcagaaagcgagaaaaagg,0,0,2,0,1,0,1,416,1,0,0,0,0,714,1,0,1,0,1660,0,476,0,0,0,1,672,2,1195,321,1474,1097,700,2924,1,0,1,2,2,1,0,0,2,0,0,0,0,1,0,2,1288,2,0,0,0,0,0,0,2,0,0,8684,0,0,1,0,1,0,0,2,0,1,0,0,0,0,0,1,0,0,0,894,0,0,2,780,2,0,1,0,0,745,448,0,0,1,0,562,1404,0,0,0,0,0,0,0,0,0,0,233,1,427,0,0,0,0,534,0,8,0,2,0,0,0,0,1,0,0,0,0,0,0,2,1,158,1,0,0,2,1,0,0,0,0,0,0,0,0,1,0,2,0,0,0,0,0,0,0,0,0,1,0,0,2,1,2,0,0,0,0,1,1,1,0,0,1,720,0,2,1,0,0,987,0,1,0,0,1,1,1,1,0,1,0,1,0,0,0,2,372,665,1,1,2,2,0,0,0,821,0,0,1186,0,0,0,1,11,0,2,0,0,331,1,1,0,0,1,1,0,0,0,0,0,0,2,0,0,0,469,62,931,0,0,1,0,0,298,1,0,0,0,0,0,0,0,0,379,0,1,0,1,0,1,0,489,0,0,2,266,0,0,0,0,0,0,0,2,274,0,348,0,1,0,0,0,0,0,0,1,1,576,1130,1,0,2499,785,643,2,572,0,1206,896,0,2,860,0,0,0,0,0,0,0,0,1,547,1,1,1,0,0,0,0,371,0,387,0,0,0,0,173,0,0,2,0,472,0,286,0,0,0,0,1,0,0,0,0,0,0,0,0,524,0,1,0,0,876,0,464,0,1,1705,1338,3,0,0,0,0,0,1,0,0,0,0,0,0,0,0,1,0,1,2,0,2,1,0
seq_380_SUB_SUB_CMP,48086,167,1,39245,1,3440,1,3440,emblAlpDB,1,NA,NA,Ranunculaceae,Ranunculaceae,,atcctgttttcagaaaacaaaaagggttcagaaagcaagaatcaaaaag,0,0,0,1,0,0,4,0,0,0,0,0,1,0,0,0,0,0,0,0,0,0,0,0,582,0,1,0,0,0,0,0,0,2,2,0,0,1,1,0,0,0,0,1,1,0,0,0,0,0,0,0,0,0,0,1,1,2,0,0,0,0,1,0,1,0,0,0,1,0,0,1,0,0,0,0,0,0,1,0,1,0,0,1,0,0,0,0,1,1,0,1,1,0,1,1,0,0,1,0,0,0,0,0,0,1,0,0,2,289,0,1,0,0,1,0,1,1,540,1,0,0,0,0,1,0,0,0,1008,1,1538,0,981,0,1,0,0,1,2,0,1,0,1,1,1,0,0,583,0,0,1,0,1,0,2624,1,0,0,1320,0,0,0,1,1,1,0,0,1,0,0,1,0,0,1,0,0,1,0,0,0,0,2,1,0,0,0,0,0,0,0,1,0,0,0,1,0,0,1,1,1,0,1,1,4,0,0,1,0,1,0,2,0,557,793,2,1,682,0,0,1,3,0,0,0,0,1,0,0,0,0,1,1,2,0,1,0,238,1163,1,342,0,587,601,0,748,386,1,1,2484,1,1029,454,539,0,0,0,0,1,807,74,0,0,1575,68,264,0,1307,598,0,2,769,351,0,0,1333,2002,0,741,579,1100,1,1,0,0,0,0,0,0,0,1,0,1,0,1,1,0,0,0,1,0,0,1,0,3,1,1,1,0,1,0,0,0,799,685,371,0,1432,1,1512,1621,0,0,0,0,0,1,571,470,1737,1549,676,309,1,1064,0,0,3,0,2,2,0,400,0,1,0,2,0,2,0,0,0,0,0,2065,1,1,0,0,0,0,1189,1,0,0,0,1,2,1,1,0,0,0,0,1,0,2,1,0,0,0,1,0,0,0
seq_825_SUB_SUB,46868,163,1,13054,1,3934,1,3934,emblAlpDB,1,NA,NA,Onagraceae,Onagraceae,,atcctattttacgaaaaccagcaccgggggtttagaaagcgatcaaaaaaaag,1,1,0,1,0,1,0,0,2,3188,0,3757,0,0,1,1,1,1,0,1,817,0,0,0,0,1024,0,136,1,0,0,379,0,1,834,1,0,0,1,1,0,1970,0,0,0,0,1,0,1397,0,499,1,0,0,0,1,0,0,0,0,1,0,0,0,2,1,0,0,0,0,0,1,1,0,1,1,1,0,0,3,0,1,0,0,2,1,0,2,0,1,0,0,0,1,0,1,0,0,1,0,0,0,1,608,0,1111,0,0,765,429,1092,0,2,0,1,0,0,1,1,182,2,1,2,0,3,0,0,2,1,0,1,0,1,0,0,0,1,0,0,0,0,1,0,0,0,1,0,1,0,0,0,0,1,0,1,1,2700,0,1075,0,0,0,1,0,1,772,430,0,1,0,0,1,0,0,0,1725,0,1,1,2,1,253,0,3,876,0,1,0,0,1761,0,0,0,0,0,1,1,0,0,2,0,0,0,0,0,0,0,1951,0,3362,0,0,311,1,0,2969,0,0,0,0,1,1,0,0,0,1,1,0,0,1,0,1,0,1,0,334,167,1,60,0,2,784,314,0,0,384,1732,0,0,0,0,0,0,0,0,0,0,0,406,1,0,1,1,0,1,1,0,0,1,1,0,0,2,0,0,497,0,0,1,1,0,1,0,0,0,0,1,2,0,0,1,1,0,0,0,1,1,0,2,0,0,1183,0,0,0,0,0,0,0,0,0,0,1,1,2,280,0,0,0,232,2,1,593,0,0,1,1,0,1,2,0,0,0,1,0,0,194,0,0,1,527,221,212,149,0,1,0,0,842,0,0,0,2,0,2,0,0,1,0,0,0,0,0,0,0,0,0,1384,0,0,0,0,2,0,0,1,0,0,0,0,0,1,0,2
seq_369_SUB_SUB_CMP,44109,148,1,10000360,1,147387,1,147387,emblAlpDB,1,NA,NA,Poaceae,Poeae,,atccatgttttgagaaaacaagggggttctcgaactagaatgcaaaggaaaag,0,0,1,0,0,0,1,0,874,2,1,0,0,0,2,1,0,0,0,1,0,3245,1,1,1153,0,0,1038,0,0,1,533,0,0,0,2,0,2,1,0,0,0,1,3,0,0,0,1,0,0,0,1,698,0,0,0,0,1,0,0,0,1,1,0,0,0,0,0,0,0,3,0,0,0,0,1,0,1,1506,0,0,0,1,0,1,1,0,0,0,0,0,1,0,0,4284,1,0,1,0,1162,0,0,0,0,1868,414,0,0,137,545,0,289,0,0,0,2,0,6,0,0,1,1,0,0,0,0,0,0,0,1,0,0,1,1,0,0,1,4,2,0,0,0,1355,1,1,1,1,0,0,0,0,1,0,0,1,0,0,0,0,2,0,0,1,0,1,0,0,0,0,0,2,0,0,0,0,0,2,0,1,2,592,1,1,1576,1,1,1,0,0,1306,0,1,1,0,2697,0,1,0,1,1,0,4,1,3,0,0,0,1,0,0,3446,1,0,489,0,1,0,0,6,0,0,1,0,0,0,1,1,0,0,1,0,1,0,0,0,1,567,1,1,519,1,0,0,1,442,0,0,1,1,0,0,0,0,1,469,0,1,0,0,0,1,0,0,0,0,2,0,0,0,0,0,0,0,0,0,0,1,2,0,0,0,0,0,0,0,0,0,0,0,0,0,0,0,1,0,0,742,0,1,960,0,1633,173,1,0,5323,0,0,0,0,1,0,0,0,0,451,0,0,0,0,0,1,0,0,2,1,0,2,1,1,0,0,0,520,0,0,0,0,0,2,1,135,1,0,360,0,0,1,424,1,0,0,0,3,1,2,0,0,0,0,0,0,2,0,0,0,1572,0,0,2,0,1774,1,1,0,1,0,1,0,0,0,0,0,0
seq_1106_SUB_SUB_CMP,44420,177,1,3337,0.977777778,139271,0.977777778,139271,ArcBorDB,1,NA,Pinus,Pinaceae,Pinus,alberi,atccggttcatgaagacaatgtttcttctcctaagataggaaggg,0,0,1,1,0,2,0,0,0,1,0,42,0,2,0,2,0,0,0,0,1,1,0,0,1,1,0,0,0,2,1,0,0,0,0,4,0,0,1,0,0,0,1,3,0,0,0,0,0,0,1,0,0,4,2,1,0,5,1,1,0,0,2,1,1,0,0,0,2,0,0,1,0,349,0,0,0,1,1,0,0,0,0,0,385,0,1,1,0,1,2,3,0,0,0,0,0,0,4,3,0,0,0,3,1,1,1,1,0,2,0,1,0,1,0,0,0,1,0,0,1,0,1,0,8,4,2371,0,1,2,0,0,0,0,0,0,0,0,0,0,0,1,0,0,0,0,0,0,0,0,1,0,2,1,0,0,0,1410,0,0,8083,7448,1,0,0,0,1221,648,0,0,0,1,0,1,1,0,4,6,1,2,0,0,0,2,0,1,3,0,0,0,1,1,1,0,3,0,0,0,0,0,1,2,0,2,0,0,0,0,0,1,0,1,0,0,0,0,0,0,1,1,0,0,0,1,1,0,1282,1,0,0,0,0,0,4,0,1,54,4,1,612,0,0,574,0,1,2,1,1,0,1,764,455,1144,2447,2004,2,2493,0,340,2,539,226,0,0,731,0,0,558,0,149,307,198,1,0,1,1,1,0,172,0,0,0,0,1,0,0,1,0,0,2,0,1,1,1,1,0,1,0,0,1,0,4,585,1,0,1,0,0,0,0,1,0,1,0,1504,609,526,1,0,1,0,0,0,1,0,183,398,408,471,195,191,287,615,952,1,0,0,2,2,3,0,0,0,1,19,7,0,3,1,0,0,3,471,0,0,1,0,2,0,0,2,2,0,0,0,2,0,1,0,1,0,0,0,0,2,0,0,0,1,1,0,0,7,7
seq_064_SUB_SUB_CMP,42229,61,1,3445,0.976744186,3445,0.976744186,3445,ArcBorDB,1,NA,Ranunculus,Ranunculaceae,Ranunculus,,atcctgctttcagaaaacaaaaagagggttcagaaagcaaagg,0,0,0,0,0,0,0,0,0,0,0,0,0,0,0,0,0,0,0,0,0,0,0,0,0,0,0,0,0,0,0,0,0,0,0,1,0,0,0,0,0,0,0,0,0,0,0,0,0,1,0,35136,0,0,0,0,0,0,0,1,0,0,0,0,0,0,0,0,0,3,0,0,1,0,0,1,0,0,1,0,0,0,0,0,0,0,0,0,0,0,0,0,0,0,1,0,0,0,0,0,0,0,0,0,0,0,0,0,0,0,0,0,0,0,0,0,1,0,0,0,0,0,0,0,0,1,0,0,0,0,0,0,0,0,0,0,0,0,1,0,0,0,1,0,0,0,0,0,0,0,0,0,0,0,0,0,0,616,0,2,1,0,981,0,0,0,0,1055,2,0,0,0,0,0,0,0,0,0,0,1,1,0,0,1,0,0,0,0,0,0,0,0,0,0,0,1,0,0,0,0,0,1,0,1,0,0,0,0,0,0,0,0,1,156,0,0,0,0,0,423,1,0,1307,0,0,0,0,1,0,0,0,0,1,0,0,0,0,0,0,0,0,0,0,0,0,0,0,0,0,0,0,0,0,0,0,0,1248,0,318,201,1,0,0,0,323,0,0,0,0,0,1,177,0,1,0,1,1,0,0,0,0,0,0,0,0,0,0,0,0,0,0,0,2,1,1,0,0,0,0,0,0,0,0,0,0,0,0,2,0,0,1,0,0,0,0,0,0,173,0,0,1,0,0,0,0,1,0,0,0,0,0,0,0,0,0,0,0,0,3,0,0,115,0,0,1,0,1,0,0,0,0,0,0,0,0,0,1,0,0,0,0,0,0,0,0,1,1,1,0,0,0,0,0,0,0,1,0,1,1,0,0,0,0,0
seq_1741_SUB_SUB,41420,127,1,57947,1,721789,1,721789,emblAlpDB,1,NA,NA,Rosaceae,Potentilleae,,atcccgttttatgaaaacaaacaaaggtttcagaaagcgagaaaaaataagg,0,1,0,1,0,0,0,0,0,0,2,3,0,1,2502,1,0,0,0,1,0,1,0,0,0,0,0,0,0,1,0,1063,0,0,1,0,0,0,0,0,1,0,0,0,0,0,0,1,1,0,1,0,0,1,0,0,0,0,0,0,0,0,1,0,0,2,0,0,0,0,1,0,0,0,0,1,0,0,0,0,1,0,0,0,0,1,0,0,0,0,0,0,0,1,1,0,0,0,1,0,0,0,1827,0,3974,390,1,559,2369,2959,1671,2658,0,0,0,0,0,2,252,1,0,1,0,0,3,1,0,1,0,1,0,0,34,1,0,0,0,0,1,0,1,0,0,0,1,0,0,0,0,1,0,0,1,1,2,0,0,0,0,0,0,0,2,0,0,0,0,1,3,0,0,0,0,0,0,0,0,3089,0,2,394,1,532,583,0,0,1,0,0,455,0,0,1,0,0,2,0,0,1,1,0,0,0,0,1,1,1,0,0,0,2,0,0,0,0,2,0,0,0,0,0,0,1,1,0,0,0,0,0,0,0,0,0,1,0,1,0,1,0,1,1,0,0,0,1,0,0,0,1,1,0,0,0,1,0,0,0,0,0,1,0,0,0,1,0,0,0,1,1,2,1,0,1,2,0,0,0,0,1,0,0,1,0,0,0,0,0,0,0,0,979,1,0,0,0,0,1,0,1,0,0,792,0,703,0,0,0,0,1,0,0,0,1,1,0,0,0,0,0,2,0,1,0,0,0,1,2,1,0,3,0,0,0,0,0,2,0,0,296,0,0,2,801,307,2922,5222,0,1439,2272,376,0,0,0,0,0,0,1,1,0,0,0,0,0,0,1,0,0,0,0,1,1,1,0,0,1,1,0,0,0,0,0,0,1,0
seq_229_SUB_SUB,37960,94,1,47247,1,3867,0.927272727,118891,emblDB,1,NA,Lotus,Fabaceae,Lotus,,atcctgctttacgaaaacaagggaaagttcagttaagaaagcgacgagaaaaatg,0,1,0,0,0,1,0,1,0,0,1,0,0,1648,0,0,1,0,1,0,0,0,0,2777,206,0,0,0,0,327,1,798,1,0,0,0,0,1,0,1,1202,0,0,0,0,0,0,17041,0,0,2,0,2,1,0,0,0,0,1,0,0,0,1,2,0,0,0,0,0,0,0,0,0,0,0,0,0,1,0,0,1,0,0,0,0,0,0,1,0,0,1,0,0,0,0,0,0,1,1956,0,0,0,0,584,0,0,0,0,0,323,2,1,0,3359,0,0,0,2,1,0,0,0,0,0,0,0,0,0,0,1,0,0,0,0,0,0,0,0,0,0,0,0,1,0,0,0,0,0,0,0,0,0,0,0,1,0,0,0,0,0,1,0,0,1,0,1,0,1082,0,1,0,0,0,1,0,1,0,0,0,0,0,0,2,0,0,0,0,0,0,0,0,0,0,0,1,0,1,0,0,1,0,2,0,2,0,0,0,0,0,0,0,1,0,0,1,0,0,0,0,0,0,0,0,1,2,1,0,2,0,0,0,0,0,0,0,0,1,0,0,0,0,0,0,0,0,0,0,0,2,0,0,0,0,0,0,0,0,0,0,0,0,0,0,0,0,0,0,0,1,0,0,0,1,0,0,0,0,0,0,425,0,0,0,0,0,0,0,0,0,0,0,0,0,769,1,2875,0,2,0,1438,0,0,0,527,0,1,0,0,2,0,1,1,0,0,0,0,0,2,0,0,0,0,38,0,815,4,0,0,1,0,0,0,0,1,0,0,0,0,1,1,0,129,0,0,0,1597,0,0,1,0,0,0,0,0,0,0,1,2,0,0,0,0,1,0,1,2,0,1,0,0,1,0,1,2,0,0,0,0,0,0,0,1,0,0
seq_166_SUB_SUB,37997,139,1,3761,1,721790,1,721790,emblAlpDB,1,NA,NA,Rosaceae,Colurieae,,atcccgttttatgaaaagaaacaagggtttcagaacgcgagaataaataaag,0,0,0,1,0,0,1,0,0,0,0,0,1,1064,1,1,1,2055,0,0,0,0,0,0,0,1,1,0,1,1,1,0,1,2203,6,2,7,2,3,0,0,3,0,2,0,0,0,0,0,1,6,0,0,1,0,0,0,2,0,1,0,0,0,1,0,0,0,0,0,0,0,6,0,0,0,1,0,1,0,0,0,0,0,0,0,0,9,0,1,0,2542,0,0,1,0,1,1087,0,0,0,0,0,1,0,2991,2073,1387,1099,496,461,1770,286,1136,667,0,0,1,1,327,880,0,0,2,0,2,0,0,0,1,0,0,0,248,0,0,0,0,2,0,0,0,1,1,0,0,0,0,0,0,486,0,0,0,0,0,0,0,0,0,0,0,0,0,0,1,0,0,610,0,1,0,0,1,0,0,207,0,0,0,0,0,0,0,1,0,1,0,0,1,1,0,0,0,0,0,1,0,0,2,0,0,1,0,2,0,0,843,0,0,1,0,1,0,1,0,0,0,0,0,2,0,0,0,0,0,0,1,0,0,0,1,0,0,1,1,0,357,0,0,956,0,539,0,0,0,0,1,0,0,0,372,1,0,0,0,1,0,0,42,0,1,2,0,0,0,0,0,0,0,0,0,1,0,0,0,0,0,0,0,0,0,0,1,1,1,0,0,0,0,0,0,0,0,0,2,0,0,841,0,0,1,0,116,0,1,1,1,0,1,1,1,0,239,0,1,0,0,0,0,0,1,0,0,1,0,267,0,0,0,0,0,0,0,1,854,791,80,0,1202,647,0,1,791,277,1,1,0,2162,0,3,0,1,1,0,0,0,2,1,2,2,0,0,0,0,2,1,1,1,1535,0,1011,0,0,0,0,0,0,0,1,0,1,0,0,1
seq_087_SUB_SUB,34383,144,1,10001336,1,55962,1,55962,emblAlpDB,1,NA,Hypericum,Hypericaceae,Hypericum,,atccggctttccgaaaacaaagaaagattcataaacagaaaaaaaaag,1,0,0,0,0,1,9,0,0,1,0,1,0,0,0,1,0,0,0,0,0,0,1,0,0,0,0,1,123,0,0,0,1,5,0,0,1,2,0,0,0,2314,0,0,0,0,1,1,1,0,0,1,0,513,0,0,0,3,1,0,0,0,1,0,0,0,0,0,0,0,0,2,2,0,0,0,0,0,0,1,0,0,0,1,0,1,0,0,0,1,0,0,1,0,0,0,2,0,0,0,0,0,1,0,0,610,0,313,316,0,149,616,0,0,881,681,602,1,0,3,0,1,0,0,0,1,0,1,0,293,0,0,0,0,1,1,0,2,0,0,0,0,0,1,0,0,1,0,0,0,1,0,0,0,0,0,0,0,1,0,0,0,0,0,0,0,1,1,1,0,0,0,0,0,0,265,0,1,0,0,852,0,0,78,0,1,0,0,394,122,0,0,1,0,1,0,0,0,293,0,1,0,0,2,0,0,0,0,527,0,0,0,2,1,0,0,1,0,1,0,631,0,0,345,0,1,0,0,0,0,0,0,1,0,0,0,76,95,253,243,0,0,1,0,219,0,0,0,0,0,992,204,38,2,0,1,1320,0,644,454,500,380,699,114,622,907,716,111,733,0,412,100,896,247,0,428,331,299,1030,603,0,2,1,0,1,0,0,0,0,0,272,2,0,0,0,0,0,0,0,0,0,0,0,1,0,0,0,0,0,2777,0,0,0,88,0,186,0,0,0,1,0,1,453,1,0,0,288,205,160,550,609,625,1224,707,6,0,688,0,0,233,527,207,1,0,0,0,1,0,6,0,0,1,0,0,2,2,0,0,0,0,0,0,0,1,0,0,0,2,0,0,0,0,0,2,0,1,0,0,0,0,0,0,0,0
seq_2193_SUB_SUB,32007,109,1,10000385,1,147387,1,147387,emblAlpDB,1,NA,NA,Poaceae,Poeae,,atccgtgttttgagaaaacaaaggggttctcgaactagaatacaaaggaaaag,0,0,2,0,5385,0,0,0,0,0,1,0,0,0,1,0,0,0,0,0,0,0,0,0,1,0,0,455,1,0,0,0,0,0,728,0,0,0,0,5911,1,0,0,0,1,0,0,0,0,0,496,0,2,0,0,0,0,0,0,0,0,0,0,0,0,1,0,0,0,0,2,0,0,3,0,11,2,2402,1,2967,0,0,0,0,0,0,0,0,0,0,1099,1,0,0,0,1,0,0,0,0,0,0,0,0,2,0,0,997,86,482,214,2,2808,0,0,1,0,16,1,0,0,0,0,0,0,0,0,1,0,0,0,0,0,1,1,0,0,2,0,0,0,0,0,0,0,0,0,0,0,0,0,1,0,0,0,0,0,0,1,574,0,0,0,0,1,0,0,2,0,0,1,0,2,0,0,0,1,0,1,1,0,0,0,1,0,2,0,0,0,0,3,0,1116,1,1,0,0,2,0,0,0,1,0,3,0,0,0,0,0,0,1,0,1,0,0,0,0,0,0,0,0,0,0,0,1,1,0,0,0,0,0,0,1,0,0,0,1,0,0,0,0,1661,0,0,0,0,1,0,0,0,1,0,0,0,0,0,0,0,0,0,1,0,1,1,0,0,0,0,0,0,1,0,0,0,0,0,1,0,0,0,1,1,0,0,0,0,0,1,1,0,0,2,1,1561,1,0,0,0,0,0,1324,0,1,0,0,0,0,1,0,0,0,0,0,0,0,0,0,0,1,0,1,0,0,0,0,0,0,0,1,0,0,0,0,1,0,1,0,0,1,3,1,0,228,330,1,1,0,666,490,0,0,0,0,0,0,1,0,1,0,1,0,1,0,1,1,0,0,1,0,1,0,1,1,10,0,0,1,0,0,0,2,0,0,0
seq_2408_SUB_SUB,29950,121,1,190548,1,190548,1,190548,emblAlpDB,1,Vaccinium uliginosum,Vaccinium,Ericaceae,Vaccinium uliginosum,arbusti,atccttctttttggcaaacaaataaagattccgaaagaaataagg,0,0,0,0,0,2,537,0,1,0,2705,1,0,0,1,0,0,3424,0,0,0,0,0,1,0,0,421,0,0,12,1165,1,0,2,0,0,1,1,0,0,2412,1,0,0,4217,0,1,0,0,0,912,0,0,0,0,0,0,0,0,1,0,0,0,0,0,2,1,0,0,0,0,0,1,112,2,0,0,1,1,802,0,1,1,2,0,1,0,1,1,0,0,0,1,0,0,0,0,0,0,0,0,1,0,1,0,0,0,1,0,0,324,0,565,0,0,0,0,1,0,2,0,0,2889,0,0,0,0,0,0,0,1237,0,0,1,0,2,0,1,1,0,0,0,0,0,0,0,1,1414,0,0,0,1,0,0,1,1,0,0,0,0,0,1,0,0,13,1,0,0,0,2,0,0,0,0,0,0,0,0,0,1,0,2,0,1,1,0,1,0,1,0,0,0,0,0,0,0,0,0,0,0,0,0,0,2,0,0,1,0,1,0,0,1,1,1,0,0,1,1,0,0,0,0,1,1795,0,0,0,0,0,0,0,1,0,0,0,0,2,2,0,1,0,403,1,1,0,0,1,0,0,0,1,2,107,0,0,1,0,0,0,0,0,2,0,0,1,0,1,1,1,0,237,2,0,0,0,0,0,0,0,0,0,0,0,0,0,1,0,0,0,1,0,1,0,0,1726,0,0,1,0,0,0,1,46,1,0,0,0,0,0,0,0,0,0,1,1,0,0,0,0,320,0,0,0,0,0,328,262,204,0,0,0,664,0,0,0,0,0,1,0,0,2,0,1,0,0,2,0,0,697,0,0,0,0,0,0,1,0,0,1,0,0,0,0,1,1,0,0,2,0,0,0,0,0,0,0,2,0,0,0,1,1,0,0,0
seq_1328_SUB_SUB,28492,91,1,361984,1,3898,1,3898,emblAlpDB,1,NA,Trifolium,Fabaceae,Trifolium,,atccttctttccgaaaacaaataaaagttcagaaagggaaaataaaaaaag,0,0,0,0,0,0,849,0,0,0,0,0,0,1,0,0,0,1,2,1,0,0,0,0,0,0,0,0,0,0,0,0,0,0,0,0,0,1,0,0,0,0,1,0,0,0,0,0,0,2,0,0,1152,0,0,1,0,0,0,0,0,0,0,0,0,0,0,1,0,0,0,0,0,0,0,0,1,0,0,0,0,0,0,0,0,0,0,0,0,0,0,0,0,1,0,0,1,0,0,0,0,0,0,0,0,0,318,0,351,0,0,0,0,0,154,0,0,7,0,0,0,0,0,0,0,1,0,0,0,0,0,0,0,0,661,1125,0,0,1,0,0,0,0,0,0,0,0,689,433,0,1,0,0,1,0,1,0,0,0,0,0,0,0,0,1,1918,720,0,0,0,0,0,0,0,0,0,0,0,0,1,0,2,0,0,0,1,0,2,2510,1,1661,2164,1,475,0,1313,1150,0,0,839,0,3,0,1,0,1,0,0,2,0,0,0,1,0,0,0,0,0,0,0,0,0,0,0,0,0,0,0,1,0,0,0,0,0,0,0,0,0,0,1,169,0,0,0,0,0,2,0,0,0,285,272,0,0,1,0,0,0,0,0,0,0,0,750,0,1,0,0,532,3,240,192,0,0,347,209,403,243,0,0,0,0,0,0,0,0,0,0,0,0,0,0,0,0,877,0,1,0,0,0,0,0,0,1,1,0,0,0,0,1912,1,0,1,0,430,0,0,0,0,0,0,0,0,0,0,278,0,431,0,0,0,0,0,220,0,0,233,0,0,1,1,0,507,0,823,0,0,0,0,0,2,0,1,0,0,0,0,0,0,0,0,0,1,0,1,0,657,2,0,0,1,0,1,0,0,0,0,0,1,0,0,1,0,0
seq_2317_SUB_SUB,26266,113,1,669676,1,13054,1,13054,emblAlpDB,1,NA,Epilobium,Onagraceae,Epilobium,,atcctattttacgaaaaccagcaccgggggtttagaaagcgataaaaaaaaag,0,0,0,0,2,0,0,0,1,2,0,2,0,0,0,0,0,0,0,0,1,0,0,0,0,9,1,1,0,0,0,1,0,0,0,0,0,3235,0,0,0,0,0,1,0,0,1,1,1,0,0,3,0,513,0,0,0,2,1,0,0,0,0,0,0,0,0,1,0,0,0,0,0,0,0,1163,0,0,0,0,0,0,0,0,0,0,2,0,1,1,0,0,0,0,0,0,872,1,1,0,0,0,0,0,1242,1108,1,0,1105,249,300,0,2,385,0,931,0,0,2,373,0,0,0,0,0,0,0,254,1,0,1,0,0,0,0,0,0,0,0,0,0,0,0,1,0,0,0,0,0,1,0,1,0,1,0,1008,2,0,1,0,0,0,0,0,0,1,0,0,0,0,0,1,0,0,0,1,0,1,2388,0,415,0,0,1555,808,0,0,0,0,2,0,0,0,0,0,0,0,1,0,1,0,0,0,0,1,0,0,2,0,1,0,0,0,270,0,4,2,0,0,0,0,1,0,0,1,0,0,0,1,0,0,0,492,0,1,0,2,0,0,530,191,1,1,0,0,0,3,0,0,0,0,1,0,0,690,0,0,0,0,234,0,1,0,1,203,1,0,0,0,0,254,174,494,0,0,0,315,0,0,1,0,0,0,0,0,0,0,0,0,1,0,0,0,0,1,0,0,0,0,1,0,1,0,1,1,0,0,0,0,0,0,0,0,0,0,0,0,0,0,0,0,0,1,1,0,0,2,0,207,177,369,0,0,0,0,0,1,0,0,0,0,0,191,2,0,0,84,0,2,0,1,0,1544,1,0,0,0,605,1,0,0,0,0,1,0,0,0,1,0,1338,0,0,1,0,0,0,0,0,0,0,0,0,0,0
seq_115_SUB_SUB_CMP,22130,89,1,38820,1,147387,1,147387,emblAlpDB,1,NA,NA,Poaceae,Poeae,,atccgtgttttgagaaaacaaaggggttctcgaatcgaactataatacaaaggaaaag,0,1,0,0,2586,0,0,0,0,0,0,0,0,1,0,1,0,0,1,0,0,1,0,2,0,0,0,2,2,0,1265,0,0,0,0,0,0,0,1,0,0,0,1,0,0,0,0,0,0,0,522,0,0,0,0,0,1,0,0,0,0,0,0,0,0,0,0,1,0,0,0,0,0,0,2782,1603,0,1,1482,0,1,0,0,0,1,0,0,1,0,0,1,1,0,0,0,0,0,1,0,1,908,1,0,0,0,0,1,1,0,0,0,0,0,0,1,1434,0,1,0,0,0,0,0,0,2,0,0,0,0,0,0,0,0,484,0,0,1,1,1,0,0,0,0,0,0,0,0,0,0,1,2,3,0,0,120,3,0,0,0,0,1,1,1,0,0,0,0,0,0,0,0,0,0,0,0,0,1,0,0,0,0,2,0,1,0,0,1,0,0,0,820,0,0,0,0,0,1,0,1,0,0,0,0,4,0,1,1,0,0,0,0,0,0,0,0,0,0,0,0,0,0,0,0,0,0,0,0,0,0,0,0,0,1,0,0,0,0,0,0,0,0,0,0,0,0,106,0,7,0,0,1,0,0,0,2,0,0,0,0,0,0,0,0,1,0,17,0,0,1,0,0,144,10,0,0,0,2,0,0,0,1,0,0,0,0,0,0,1,0,0,0,0,0,0,0,0,1,466,1842,0,1545,0,0,1,0,0,0,0,0,0,0,1,0,0,0,0,0,0,0,0,0,0,0,0,0,0,273,0,0,0,0,191,0,0,0,0,0,0,0,430,0,0,0,1,0,1,0,0,0,0,0,0,1,0,0,1837,0,0,0,1,0,0,0,0,1,0,1263,0,0,0,0,0,0,1,0,0,0,0,0,2,2,0,1,0
seq_231_SUB_SUB_CMP,21462,145,1,13398,1,13398,1,13398,emblAlpDB,1,NA,Carex,Cyperaceae,Carex,,atcttctttttgagaaaaagaaatatataaaatatttcttatttcagataagaaataatattttttcttatctaatattaaa,0,0,0,1,463,1,0,421,0,0,0,0,0,0,0,0,233,0,0,0,2,1,0,0,220,160,152,28,82,38,231,142,1626,0,0,2,0,0,0,0,327,0,0,0,403,385,0,0,0,0,0,0,1,1,1,65,0,0,2,0,0,1,0,0,0,0,0,0,500,0,0,346,0,1,111,0,73,0,232,0,0,1,1,0,0,0,0,0,0,0,0,0,0,544,1,0,0,0,0,0,0,0,0,0,0,0,1,91,0,15,16,0,0,0,2,0,0,2,1,108,0,3387,0,0,0,0,0,0,1,0,0,0,0,0,374,0,1,0,0,0,1,0,179,0,0,0,0,0,0,92,378,0,0,1,0,289,0,253,0,127,0,0,0,0,87,0,76,0,0,1,0,0,0,0,8,0,0,0,0,0,260,60,1,68,0,148,0,0,0,0,0,0,0,0,0,0,1,0,0,0,217,0,0,1,0,0,411,0,2,0,84,0,4,228,0,0,1,0,34,112,1,109,110,0,0,508,0,0,0,0,1,0,0,0,0,1,14,225,6,2,0,33,0,0,28,0,123,0,0,0,1,1,0,0,0,0,0,0,1,0,0,0,0,0,90,40,65,199,0,81,395,164,1,26,47,0,0,0,0,0,0,0,0,0,0,0,0,0,269,95,348,0,1,1,0,1,89,8,0,0,0,89,0,0,0,0,1,0,0,0,1309,0,5,1,0,8,0,2,0,0,144,0,74,215,0,75,38,57,70,0,19,29,1,17,1,0,0,0,0,49,0,1,0,0,0,135,0,0,24,8,2,0,0,1,0,0,0,0,0,0,2,0,2,0,1408,0,176,1,571,29,0,0,0,1,0,0,0,0,0,0,0,0,2,0
seq_1363_SUB_SUB,18040,108,1,262426,1,86647,0.978723404,1000423,emblDB,1,NA,Pedicularis,Orobanchaceae,Pedicularis,,atcttctttttttttcaaaacaaaggtttagaaaacgaaaaaaaag,0,0,0,0,0,0,0,0,0,0,0,1,0,0,0,0,0,0,0,0,0,0,0,0,1,0,0,1,0,0,0,1,0,1,0,0,0,0,1,0,0,1,2,0,0,1,0,0,0,0,0,0,0,1,0,0,1,0,1,0,0,0,0,0,2,1,0,0,0,0,0,0,0,0,0,0,0,0,1,0,0,0,0,0,0,0,0,1,0,0,0,0,0,0,1,0,0,0,0,0,0,0,1,0,0,0,0,0,0,0,0,1,0,0,0,1,0,1,155,0,0,1,0,0,0,0,0,0,0,0,0,0,0,0,0,1,0,752,0,0,0,0,0,0,0,0,1,0,0,0,0,0,0,2,0,0,0,1,0,0,0,0,2,0,0,0,0,759,1,0,0,0,0,0,0,0,0,0,0,0,0,0,1,0,0,0,0,0,0,0,0,254,226,0,0,0,1,0,0,0,0,0,205,3,0,1,854,1,1208,193,0,0,0,402,370,0,1,1,0,0,0,0,0,0,1,0,0,0,1,0,0,0,1,0,0,0,523,31,392,121,117,0,0,0,475,53,0,1,0,0,0,434,0,670,0,441,684,0,0,330,242,65,0,917,75,756,159,398,0,1,916,471,0,0,0,0,260,1,406,0,0,0,1,0,0,0,0,0,0,0,0,0,0,1,1,0,0,2,0,0,0,0,0,1,0,0,0,1,1,1,0,0,0,1,0,2,2,0,0,264,0,1,1,1,0,0,64,280,312,647,335,0,0,127,0,723,0,0,0,0,29,0,1,0,0,0,1,0,0,0,1046,1,0,1,0,0,104,0,0,0,0,0,0,1,1,0,0,0,0,0,0,0,0,0,0,2,0,0,0,2,0,0,0,0
seq_513_SUB_SUB_CMP,17156,65,1,387931,1,3440,0.980392157,22868,emblDB,1,NA,NA,Ranunculaceae,Ranunculaceae,,atccttatttcagaaaacaaaagagggttcagaaagcaagaataaaaaaag,1,0,0,0,0,0,0,0,0,0,0,0,0,0,0,0,0,0,0,0,0,0,0,0,0,0,0,1,0,0,0,1,0,0,0,0,0,0,4,0,0,0,0,1,0,0,0,0,0,0,0,1,0,0,0,0,0,0,0,0,0,2,0,1,0,0,0,0,0,0,0,0,0,0,0,0,0,0,0,0,0,0,0,0,0,0,0,0,0,0,0,0,0,0,0,0,0,0,0,0,0,0,0,0,0,0,0,0,0,0,0,0,1,0,0,1,0,1,0,0,0,0,2267,0,0,0,0,0,0,0,1460,0,703,0,0,1,0,1,0,0,0,0,0,0,0,0,0,0,0,0,1,0,0,0,1,1,0,0,0,0,1,0,0,1,0,0,0,1,0,0,0,0,0,0,0,0,0,0,0,1,0,0,0,0,0,0,0,0,0,0,0,0,1,0,1,0,0,0,0,578,0,2,0,1,0,0,0,0,0,0,0,0,0,0,0,1328,0,0,0,0,0,0,0,0,0,0,0,0,0,0,0,0,0,1,1,1,1,0,0,0,0,0,0,0,0,0,1,0,2,0,297,349,0,0,0,827,2200,0,20,0,0,0,0,0,1202,75,0,215,0,569,0,570,1,0,0,0,0,0,0,0,0,0,0,0,0,0,0,0,0,0,0,0,0,0,0,0,0,1,0,0,0,0,1,0,0,0,0,0,0,0,0,0,0,628,0,0,0,321,995,326,0,1,0,0,0,0,0,182,0,267,209,1,563,516,1,0,0,0,0,314,0,0,0,0,0,0,0,0,0,0,175,0,0,0,0,0,0,0,0,0,0,0,0,0,1,1,0,1,0,0,0,0,0,0,0,0,0,0,0,0,0,0,0,0
seq_297_SUB_SUB,15200,178,1,90614,1,90614,0.913043478,216718,emblDB,1,Saxifraga stellaris,Saxifraga,Saxifragaceae,Saxifraga stellaris,,atcctgttttctaaaaaaaagg,1,0,0,0,0,0,0,0,63,45,1549,225,2,257,255,0,13,0,0,0,0,282,0,68,75,0,0,0,7,125,20,31,0,1,0,1,0,278,2,111,49,58,0,120,786,189,0,205,458,215,0,0,0,80,380,141,0,0,0,0,0,0,0,0,1,1,117,0,0,0,0,0,0,0,19,105,0,1,0,34,0,2,0,0,5,0,0,1,0,301,5,77,0,14,1,0,1,0,0,0,0,24,0,2,14,1,65,45,11,61,29,59,287,1,375,1,0,0,88,78,0,0,171,0,0,178,0,1,150,235,0,0,86,1,1,0,0,0,0,1,0,0,0,0,0,282,87,48,136,0,192,293,0,0,215,14,0,43,64,184,1,0,0,0,0,169,187,1,19,0,120,1,0,25,0,10,0,51,0,0,22,1,21,1,0,1,0,0,113,0,15,0,0,246,0,0,35,0,3,6,0,1,0,46,0,0,0,0,0,0,0,0,67,0,0,0,1,0,0,2,0,22,0,72,0,0,0,0,82,0,0,1,0,0,0,0,15,54,0,1,6,0,0,48,105,36,0,0,0,1,96,13,0,3,6,6,0,1,19,14,2,0,0,0,0,1,37,0,0,24,0,13,0,0,0,0,0,1,0,1,0,0,0,0,0,1,0,0,0,168,0,0,30,88,7,0,0,0,90,99,203,119,3,139,1,0,0,0,0,38,720,488,0,0,0,0,0,0,0,0,130,36,17,107,1,5,0,7,0,0,0,4,1,8,0,0,0,1,0,6,191,38,55,1,0,1,40,15,51,0,2,0,0,0,0,0,0,0,0,1,0,0,0,1,0,0,101,182,0,0,0,0,0,1,0,0,0,0,0,0,0,0,0,0
seq_789_SUB_SUB_CMP,14896,58,0.977272727,10005659,1,43070,1,43070,emblAlpDB,1,NA,Eryngium,Apiaceae,Eryngium,,atcctgttttccaaaaacaaacaaaggttcagaaggtgaaaagg,0,0,0,0,0,0,0,0,0,1,0,0,1,0,0,0,0,0,0,0,0,0,0,0,0,1,0,0,0,0,0,0,0,0,1,0,1,0,0,0,0,0,0,0,1,0,0,0,1,1,0,0,0,0,0,0,0,0,0,0,0,0,0,0,0,680,0,0,0,0,0,0,0,0,0,0,0,0,0,0,0,1,0,0,0,2,0,0,0,0,0,0,0,0,0,1,0,0,0,0,0,0,0,0,0,0,0,0,0,0,0,0,0,1,0,1,0,0,0,1,0,1,0,0,0,0,0,0,0,0,0,0,0,0,0,0,0,0,0,0,0,0,0,0,0,0,0,0,0,0,0,0,0,0,0,0,0,0,0,0,0,0,0,0,0,0,0,0,0,0,0,0,0,0,0,0,0,1,0,0,1,0,0,0,2,0,1,0,0,0,0,0,0,0,0,0,0,0,0,382,0,2,1,0,1,0,0,0,0,0,0,0,0,0,0,0,1,0,0,0,0,0,0,0,0,1,0,0,0,0,0,0,0,2,0,0,0,0,0,0,0,401,1,0,1,1,0,0,0,0,659,0,0,0,1,0,0,0,0,0,0,0,0,1,1,0,0,0,317,0,101,190,547,0,255,0,0,179,957,0,0,0,0,0,0,0,0,0,0,0,0,0,0,0,0,0,0,0,0,0,0,0,0,0,0,0,0,0,0,0,0,0,0,0,0,0,0,0,0,0,0,893,0,0,0,0,0,0,654,0,183,190,1,309,0,0,0,0,0,1,0,0,0,0,0,0,0,1,0,0,1,0,0,3626,0,0,1231,0,0,0,1,0,3142,0,0,0,0,1,0,1,0,0,0,0,0,0,0,0,0,0,0,0,0,1
seq_2002_SUB_SUB,13517,89,1,48027,1,241800,1,241800,emblAlpDB,1,NA,NA,Apiaceae,Scandicinae,,atcctattttttccaaaaacaaacaaaggcccagaaggtgaaaaaag,0,0,0,0,0,0,0,0,2,0,0,0,0,0,0,0,0,1,0,0,0,0,0,0,0,0,0,0,0,0,0,1,0,0,1,0,0,0,0,0,0,0,0,0,0,1,0,0,0,0,0,0,0,0,0,1,0,0,0,0,1,0,0,0,0,0,0,0,0,0,1,0,1,0,0,0,0,0,0,1,0,0,0,0,1,0,0,0,0,0,0,1,0,0,0,0,0,0,0,0,0,0,0,0,0,0,0,0,1,0,0,0,0,0,0,0,0,0,0,0,0,0,0,0,0,0,0,0,1,0,0,0,0,0,0,0,0,13,1,0,0,0,22,0,0,0,1,0,0,0,0,0,0,1,0,0,0,0,0,0,0,0,1,0,0,0,0,0,0,0,1,0,0,0,0,0,1,0,1,1,0,0,1,0,0,0,0,0,0,3,0,0,0,0,0,0,1,709,0,1,0,1,137,1,0,0,0,6,0,0,0,0,1064,0,0,0,605,0,768,1,13,0,0,0,0,0,0,1,0,0,0,0,0,0,0,0,339,0,0,0,224,377,0,6,0,0,1,0,0,2,3,6,0,15,8,4,9,0,5,464,6,0,862,0,195,7,845,1,1588,2,3,229,0,11,0,0,0,595,0,0,0,0,0,0,0,0,0,0,0,0,0,0,0,0,0,1,1,0,0,0,0,0,1,0,0,0,0,0,0,0,0,0,789,658,9,0,0,8,7,1119,0,1,0,0,0,0,0,431,38,642,154,1,374,361,0,0,0,0,0,0,0,0,0,0,0,0,0,0,0,0,13,0,0,7,6,0,0,0,1,0,1,0,0,0,0,0,0,2,1,0,0,0,0,0,0,0,0,0,0,0,0,0,0,0
seq_3425_SUB_SUB_CMP,13717,75,0.942307692,10002054,1,4200,1,4200,emblAlpDB,1,NA,NA,Caprifoliaceae,Caprifoliaceae,,atccagttttccgaaaacaaacaagggttcagaaagctaaaaaaaaaag,0,0,0,0,0,0,0,0,0,1,0,0,0,0,0,0,0,0,0,0,1,0,1,0,0,0,198,0,0,0,0,1,0,0,0,0,0,0,0,0,0,0,0,0,0,2,0,0,0,0,1,0,1,0,0,411,0,0,0,0,0,0,0,0,0,1,0,0,0,0,0,0,0,0,0,0,0,0,0,0,0,0,0,0,0,0,0,0,0,0,0,1,0,0,0,0,0,0,0,0,0,0,0,0,0,0,0,0,168,0,0,0,0,6,1,0,0,1,0,0,0,0,0,0,0,0,0,0,0,0,0,0,0,0,0,0,0,0,0,0,0,0,525,0,0,0,0,0,0,0,0,0,0,0,1,0,0,1,257,0,0,93,0,633,0,0,0,0,0,0,0,0,1026,0,0,0,0,1,0,1,0,0,1,0,0,0,0,0,1,0,0,1,0,365,0,0,0,0,1,363,1,0,0,0,0,1,0,0,0,1299,0,0,0,0,707,835,0,0,0,1,90,0,0,0,0,1,0,0,0,0,0,0,0,1,0,0,222,158,179,160,0,433,0,0,269,0,0,0,0,0,0,0,0,340,0,253,0,0,0,0,0,0,503,0,396,0,197,0,0,0,0,126,308,0,0,240,451,283,0,0,0,0,0,0,0,1,0,0,0,0,0,1,0,0,0,0,0,0,0,0,0,1,0,0,0,0,0,0,0,1,0,0,0,0,0,139,0,0,171,0,0,1,0,0,0,51,139,0,0,0,0,132,156,252,0,364,1,0,0,0,98,0,0,0,224,1,0,0,1,0,0,0,0,0,0,0,503,0,1,0,0,0,0,0,0,0,0,0,0,0,0,0,0,0,0,0,0,0,0,0,0,0,0,0
seq_3266_SUB_SUB,13478,98,1,190544,1,190544,0.978723404,217062,emblDB,1,NA,Vaccinium,Ericaceae,Vaccinium,arbusti,atccttttttttttggcaaacaaataaagattccgaaagaaaaagg,1,0,1,1,0,1,0,0,0,0,0,0,0,0,0,0,0,1,1,1,0,0,0,0,200,158,58,238,146,95,0,91,0,0,0,0,0,0,0,0,0,0,0,0,0,996,0,0,0,0,0,0,0,0,0,102,0,0,0,0,0,0,0,0,0,2119,0,0,0,0,0,0,1312,114,286,64,0,760,0,0,0,3,0,0,0,1,0,0,0,0,341,0,0,0,0,0,0,0,0,1,1,0,175,1,0,241,0,0,0,156,0,134,0,0,0,0,0,0,0,0,0,0,0,0,0,0,0,0,0,0,1,0,0,0,0,0,0,0,0,0,0,0,0,2,0,0,0,0,0,0,0,0,0,0,0,0,0,0,0,0,0,0,0,0,463,0,0,0,136,4,0,0,0,0,0,0,0,0,0,0,0,0,0,114,0,0,0,0,0,0,0,0,0,0,0,0,0,123,0,120,0,0,33,1,0,0,1,0,0,0,0,0,0,0,1,0,0,1,1,0,0,0,0,0,0,0,0,0,0,0,0,0,0,0,0,0,83,0,0,0,0,1,0,0,165,119,1,0,0,0,0,0,147,0,1,41,0,441,12,58,0,0,35,0,115,0,0,44,127,1,6,73,0,0,0,1,1,0,0,99,0,0,0,0,0,0,0,0,0,0,0,1,0,0,383,0,0,0,0,0,1,182,226,0,0,0,0,2,11,1,0,0,0,0,0,92,0,67,0,0,0,0,0,0,98,1,1,0,0,76,91,0,1,49,0,0,176,0,133,101,0,2,44,114,0,0,91,0,27,23,0,1,604,1,0,0,0,589,0,0,0,0,0,0,0,0,0,0,0,0,0,0,0,0,1,0,0,0,0,0,0,0,0,0
seq_337_SUB_SUB_CMP,13147,66,1,721787,1,171638,1,171638,emblAlpDB,1,NA,NA,Rosaceae,Rosoideae,,atcccgttttatgaaaacaaacaagggtttcagaaagcgagaataaataaag,0,0,1,0,2,2432,0,0,0,0,0,0,0,0,0,1,0,0,0,0,0,0,0,0,0,0,0,0,0,0,0,1,0,0,1,0,0,1,0,0,0,0,0,0,0,1,0,0,1,0,0,0,0,0,0,1,0,0,0,0,0,0,0,0,0,1,0,0,0,0,0,0,0,91,0,0,0,0,0,0,0,0,0,0,0,1,0,0,0,0,0,0,0,0,1,0,0,0,0,0,0,0,0,0,1,1,1,1,0,0,0,249,0,1,0,0,0,0,429,1,0,0,0,0,0,0,0,0,0,0,0,0,0,0,1,0,0,0,0,0,0,0,0,0,0,0,1,0,0,0,0,0,0,0,0,0,0,0,0,0,0,0,0,0,0,0,0,0,0,0,0,0,0,0,0,2,0,0,0,0,0,0,1,1,0,0,0,0,2678,0,900,0,0,0,0,0,0,0,0,0,0,0,0,2,0,0,2,0,0,0,0,0,0,0,0,1,0,0,0,0,0,1,0,0,0,0,0,0,0,0,0,0,0,0,0,0,0,3,404,0,1,0,0,0,0,0,0,0,0,0,0,0,1,1,1,0,0,0,0,0,0,0,0,0,0,0,0,1,0,0,1,0,0,0,0,0,0,0,0,0,0,0,0,0,0,1,0,0,0,0,0,0,0,0,0,0,0,0,2,524,1,0,109,1,0,0,1,0,0,0,0,0,0,0,0,0,0,1,0,0,0,0,0,0,1,0,0,596,0,0,0,417,1,0,0,767,1,0,0,0,1553,188,602,0,0,0,0,1208,0,0,0,1,0,0,0,1,1,0,0,0,0,0,0,1,0,0,0,1,0,0,0,0,0,0,0,0,0,0,0,0,0,1,2,0
seq_2314_SUB_SUB_CMP,12602,72,0.75862069,10000819,1,282746,1,282746,emblAlpDB,1,Achillea macrophylla,Achillea,Asteraceae,Achillea macrophylla,,atcacgttaagcgaaaagaaaaaaaa,1,0,1,0,0,0,0,0,0,0,0,0,0,0,0,0,0,0,0,0,0,0,0,1,0,0,0,0,0,0,1,0,0,0,0,1,0,0,1,0,0,0,0,0,0,0,0,0,0,1,0,0,0,0,0,1,0,0,0,0,0,0,0,0,0,0,0,1,0,0,0,0,0,0,0,0,0,0,0,0,0,1,0,0,0,0,0,1,0,0,0,1,0,0,0,0,0,0,0,0,0,0,0,0,0,0,0,0,1,0,0,0,2,0,0,0,0,1,0,0,0,0,0,0,0,0,0,0,0,0,0,0,0,0,0,0,0,0,0,0,1,0,1,0,0,0,0,0,0,0,0,0,0,0,0,0,0,0,0,0,0,0,0,0,0,0,0,0,0,0,0,0,0,0,0,0,0,0,0,0,0,0,0,0,0,0,0,0,0,0,0,0,0,0,0,0,0,0,0,1,0,0,0,0,0,0,0,782,0,0,0,0,0,0,0,1,0,0,0,0,0,0,0,0,0,0,0,0,1,0,0,0,1,0,0,0,153,0,0,0,0,1,0,0,226,0,0,0,0,0,1,547,0,753,114,284,0,321,433,0,0,200,175,338,971,176,603,156,0,157,74,1,0,0,0,219,589,155,307,7,0,0,0,0,1,0,0,0,1,0,0,1,0,0,0,0,1,0,0,0,0,0,0,0,0,0,0,0,1,0,0,0,171,0,390,1,0,127,0,122,0,0,0,1,0,0,753,620,661,479,49,241,916,340,0,0,1,0,0,0,1,0,1,0,0,0,0,2,0,0,0,0,0,0,0,0,0,0,0,0,0,0,0,0,0,0,0,1,0,0,0,0,0,0,0,1,0,0,0,0,0,0,0,0
seq_1340_SUB_SUB,12378,70,1,192337,1,192333,1,192333,emblAlpDB,1,NA,Myosotis,Boraginaceae,Myosotis,,atccggttttccgaaaacaaaagttgaaaaagaaaaaaggaaggag,0,0,0,0,0,0,0,0,0,0,1,0,0,0,1,133,1,0,0,0,0,1,0,0,0,0,0,1,0,0,0,0,0,0,1,0,0,0,0,0,0,0,1,0,0,0,0,0,0,0,735,0,1,0,0,1,0,1,0,0,0,0,0,0,0,0,0,0,0,0,0,1,0,0,0,0,0,1,0,0,1,0,0,3,0,0,0,0,1,0,0,0,0,0,0,2,0,0,1,0,0,0,0,0,0,0,1,0,0,0,0,1,0,2,1,0,0,0,1,0,0,0,0,0,1,0,0,0,0,0,0,0,0,0,0,1,0,0,0,0,0,0,0,0,0,0,0,965,0,537,0,0,0,1,1,0,726,0,0,0,0,0,0,0,0,0,0,0,0,1268,0,0,0,1,0,1,0,1,0,0,0,0,812,0,0,0,0,0,0,0,0,1,1313,0,0,0,0,0,314,0,0,0,0,1,0,0,0,0,0,0,0,1706,0,0,0,0,0,679,7,0,1,0,3,0,0,0,0,1,0,0,0,1,0,1,0,0,0,0,0,0,0,0,0,0,2,0,0,0,1157,0,0,0,75,0,0,1,0,0,0,0,0,0,0,0,1,2,0,330,0,0,75,115,0,0,0,286,0,0,0,0,0,0,0,0,0,0,0,1,0,0,0,0,0,0,0,0,0,0,0,0,0,0,1,0,0,0,0,0,0,0,1,0,0,1,0,0,0,290,0,0,0,0,0,0,294,0,169,0,0,0,0,0,0,0,0,0,399,0,0,0,0,0,0,1,0,0,0,0,0,0,0,0,0,0,0,0,0,0,1,0,0,0,0,0,0,0,0,1,0,1,0,0,0,0,0,0,0,0,0,0,0,0,0,0
seq_235_SUB_SUB_CMP,11802,96,1,13749,1,217062,1,217062,emblAlpDB,1,NA,NA,Ericaceae,Vaccinieae,arbusti,atcctttttttttttggcaaacaaataaagattccgaaagaaaaagg,0,0,0,0,0,0,0,0,0,0,0,0,0,0,0,0,0,0,1,0,0,0,0,0,263,164,36,231,166,118,0,102,0,0,0,0,2,1,0,0,0,0,0,0,0,1075,0,0,0,0,0,0,0,0,0,103,0,0,0,0,0,0,0,1,0,94,0,1,0,0,0,0,1541,106,306,63,0,736,0,0,0,0,1,0,0,1,0,2,0,0,341,0,0,0,0,0,0,0,0,0,0,0,200,1,1,318,0,0,0,5,0,139,0,0,0,0,0,0,0,0,0,0,0,0,0,0,0,0,0,0,0,0,1,1,0,0,0,0,0,0,0,0,0,0,0,0,0,0,0,0,0,0,0,0,0,0,0,0,0,0,0,0,0,0,410,0,0,0,143,6,0,0,0,0,0,0,0,0,0,0,0,0,1,144,0,0,0,0,0,0,1,0,0,0,0,0,0,158,0,128,0,1,28,1,0,0,0,0,0,0,0,0,0,0,0,0,0,0,0,0,0,0,0,1,1,0,0,0,0,0,1,0,0,0,0,0,88,0,0,0,0,0,0,0,177,136,0,1,0,0,0,0,68,0,0,44,1,409,16,82,0,1,34,0,71,1,0,33,138,0,13,89,0,0,0,0,0,0,0,115,0,0,0,0,1,1,0,0,2,1,0,0,0,0,254,0,0,1,0,0,0,191,48,0,0,0,0,0,13,1,0,1,0,0,0,122,0,75,0,0,0,0,0,0,114,0,0,1,0,104,103,0,0,63,0,0,163,0,171,130,0,0,57,154,0,0,120,1,23,14,0,0,676,0,0,0,0,609,0,0,1,0,0,0,0,0,0,0,0,0,0,0,0,0,0,0,0,0,0,1,0,0,0,0
seq_025_SUB_SUB,11631,43,1,118891,1,118891,1,118891,emblAlpDB,1,Anthyllis vulneraria,Anthyllis,Fabaceae,Anthyllis vulneraria,,atcctgctttatgaaaacatgggaaagttcagttcagaaagcgacgagaaaaaag,0,0,0,0,0,0,0,0,0,0,0,0,0,0,1,0,0,0,0,0,0,0,0,0,0,0,0,0,0,0,1,0,0,1,0,0,0,0,0,0,1,0,0,0,0,0,0,0,0,0,0,0,1,0,176,0,0,0,0,0,0,0,0,0,0,1,0,0,0,0,0,0,0,0,0,0,0,0,0,1,0,0,0,0,0,0,0,0,0,0,0,0,0,0,0,0,1,0,0,0,0,0,0,0,1,0,1,1,0,1,651,0,0,0,0,0,0,0,1,0,0,0,0,0,0,0,0,0,0,0,0,0,0,0,0,0,0,0,0,0,0,0,3156,0,0,0,0,0,0,0,0,0,0,0,0,0,0,0,0,0,0,0,0,0,0,0,0,1,0,0,1,0,0,0,1,0,0,0,0,0,0,0,0,0,0,0,0,0,0,0,0,0,0,0,0,0,0,0,0,0,0,0,0,0,0,0,0,0,0,0,0,1,0,0,0,0,0,0,0,0,0,0,0,1,0,0,2033,0,0,0,0,1,0,0,0,0,0,0,0,0,0,0,0,0,0,0,0,0,0,0,0,0,0,0,0,1,1,0,1,0,0,0,0,0,0,0,0,0,0,0,0,0,0,0,0,0,1,903,0,0,0,0,0,0,0,0,0,0,0,0,0,0,0,0,0,0,0,0,0,0,0,0,0,0,0,0,0,0,0,0,0,0,0,0,0,0,0,0,0,0,0,0,0,0,1,0,0,0,0,0,83,0,0,0,0,0,0,0,0,0,0,1,1,274,0,1,0,0,0,0,91,0,0,0,0,2,3167,1097,0,0,0,0,1,0,0,0,0,0,0,3,0,0,1,0,0,0,0,0,0,1,0,0,1,0
seq_7046_SUB_SUB,11462,89,0.98245614,21496,1,21496,1,21496,emblAlpDB,1,NA,Gentiana,Gentianaceae,Gentiana,,atcctatttttcgaaaaagcaaaaagaaaggcttagaaagaaatgaaagaaataaag,0,0,0,1,0,0,0,0,0,0,0,58,0,0,0,0,0,0,0,0,0,2,0,0,0,0,0,0,38,13,0,11,0,0,0,0,0,0,0,0,0,0,0,0,0,30,0,1,0,0,0,0,0,1,0,0,0,1,0,0,0,0,1,0,0,0,0,0,0,0,1,0,29,1,0,9,0,0,0,1,0,0,0,0,1,0,1,0,0,0,0,0,1,26,0,0,0,0,0,0,9,0,0,0,3,313,1,0,0,6,9,1,1001,0,0,0,0,1925,0,0,0,0,0,0,0,0,0,16,0,0,1,1,0,0,0,0,0,1,0,0,0,0,0,0,0,0,0,0,0,0,0,0,1,0,0,0,0,16,371,0,0,1,0,0,20,0,0,0,0,0,0,0,0,0,248,0,1,0,0,0,0,5,0,0,0,0,1,0,0,0,0,0,9,0,0,0,0,0,18,2,0,0,0,1475,0,0,1,0,0,0,0,0,0,0,0,0,0,8,271,359,0,0,0,0,5,0,11,0,0,0,0,0,0,0,0,0,0,0,0,4,0,0,1,0,1,0,64,0,0,0,63,4,0,0,1,0,0,0,0,3,0,0,1,1245,0,0,3,0,4,0,0,0,0,0,0,0,0,318,0,0,0,0,0,0,0,0,0,0,0,0,0,0,0,0,0,26,19,0,0,0,16,17,1,1,47,0,0,0,0,0,0,0,0,0,0,0,13,0,0,97,0,1081,0,0,0,586,0,1,5,1,6,0,18,2,0,0,0,0,7,1603,0,0,0,0,1,0,0,0,0,0,0,0,0,0,0,0,0,0,0,0,8,0,0,0,1,0,0,0,0,0,0,0,0,1,0,0,0,0,2,0,0,0,0,0
seq_2282_SUB_SUB_CMP,11458,63,0.844444444,4335,1,59824,1,59824,emblAlpDB,1,NA,Soldanella,Primulaceae,Soldanella,,atcctctttttagaaaacaaagttttaagtaaactaaaaag,0,0,0,1,0,0,0,0,0,0,0,0,0,1,0,0,0,0,1,0,0,0,0,0,0,0,0,659,0,0,0,1,0,1,0,1,0,2,0,0,0,0,0,0,0,1,0,0,2568,0,0,0,0,0,0,0,0,0,0,1,0,0,0,0,0,0,0,0,0,0,0,0,1,0,0,0,0,0,0,0,0,0,0,0,802,2,1,0,1,0,0,1,0,0,0,0,0,0,1,0,0,0,0,0,0,0,0,0,0,1,348,0,0,0,0,0,0,0,0,0,1,0,0,0,0,0,0,0,0,0,0,0,0,0,0,0,0,0,0,0,0,1,0,0,0,0,0,0,0,0,0,0,0,1,0,0,0,1,0,0,0,0,0,0,0,0,0,0,0,0,0,1,0,0,0,0,0,0,0,0,0,0,0,0,1,0,0,0,0,0,1,0,0,0,0,1,0,0,0,0,0,0,0,3,0,0,0,0,0,0,0,0,0,0,0,0,2,536,0,200,0,0,0,0,0,0,0,0,1,1,0,0,2431,1,0,0,154,0,0,335,0,0,0,592,0,0,0,0,0,0,0,0,0,0,0,0,1,0,0,0,0,0,0,0,435,0,0,0,0,0,250,0,0,0,0,0,0,0,0,0,0,0,0,0,0,0,0,0,0,0,0,1,0,0,1,0,0,0,0,401,0,0,0,0,0,0,2,0,1,0,0,0,0,0,1,0,0,241,0,0,0,0,1,0,0,0,0,0,0,151,0,1,0,0,314,267,0,0,0,0,168,112,161,0,0,200,0,0,0,0,0,0,0,0,0,0,0,0,0,0,0,1,0,0,0,0,1,133,1,0,0,0,0,0,0,0,0,0,0,0,1,0,0,0
seq_2467_SUB_SUB_CMP,10447,62,1,112589,1,3440,1,3440,emblAlpDB,1,NA,NA,Ranunculaceae,Ranunculaceae,,atcctgtttttagaaaacaaatcaaaatcaaataaagggttcagaaagcaagaataaaaaag,0,0,0,0,0,0,0,1,0,0,0,0,0,0,0,0,0,0,0,0,0,0,0,0,0,0,0,0,0,1,0,0,0,0,0,0,0,0,0,0,1,0,0,0,0,0,1,0,0,0,0,0,0,0,0,0,1,0,0,0,0,0,0,0,1,0,0,0,0,0,1,0,0,1,0,1,0,0,0,0,0,0,1,0,0,0,0,0,0,0,0,0,0,0,1,1,0,0,0,0,0,0,0,0,2,1,0,0,0,0,0,0,0,0,1,2,0,3,0,0,1,0,0,0,0,0,0,0,0,0,0,0,1,0,0,0,0,0,0,0,0,0,0,0,0,0,0,0,0,0,0,0,0,0,0,0,0,0,0,0,0,0,0,0,2,0,0,0,0,0,0,1,0,0,0,0,0,0,0,0,0,0,1,0,0,0,0,0,0,0,0,0,0,0,0,1,0,0,0,1,1,0,1,0,1,0,0,0,0,0,0,0,0,0,0,0,1,0,0,0,0,2102,0,0,0,2,0,0,1,0,0,0,0,0,0,0,0,0,0,0,1,0,0,0,1,2,0,0,0,1,0,0,0,0,0,0,0,0,0,0,0,0,0,0,133,320,0,0,350,344,142,668,1769,1056,489,1462,305,105,0,247,0,0,0,0,0,0,0,0,0,0,0,0,0,0,0,1,0,0,0,0,0,0,0,0,0,1,0,0,0,0,0,0,0,0,0,0,1,0,0,0,0,0,0,0,0,0,240,0,0,0,257,0,0,458,0,0,0,0,0,1,0,0,0,0,1,0,0,0,0,0,0,0,1,1,0,0,0,0,1,0,0,0,1,0,0,0,0,1,1,0,0,0,0,0,0,0,0,0,0,0,0,0,0,0
seq_4923_SUB_SUB,9806,47,0.823529412,10000819,1,163730,0.843137255,91827,emblDB,1,NA,NA,Fabaceae,Hedysareae,,atcctgaaacaaataaaagttcagaaagtgaaaataaaaaaag,0,0,0,0,0,0,0,0,0,0,0,0,0,0,0,0,2332,0,0,0,0,0,0,666,1,715,487,527,207,161,0,0,1,0,0,0,0,0,0,0,0,0,0,0,0,0,0,0,0,0,0,0,1,0,0,1,0,0,0,1,0,0,0,0,1,0,0,0,0,1,0,0,0,0,0,0,0,0,1,0,0,0,0,0,0,0,0,0,0,0,451,0,0,0,0,0,0,0,0,0,0,0,1,716,0,0,0,0,0,0,0,0,0,0,0,0,0,1,0,191,0,0,0,0,0,0,0,0,0,0,0,0,1,560,0,0,0,0,0,0,0,0,0,0,0,0,0,0,0,0,0,1,0,0,0,0,0,0,0,0,0,1,0,0,0,0,0,0,0,0,0,0,0,0,0,128,0,0,1,0,0,0,0,1,0,0,0,0,0,0,1,0,0,0,0,0,0,0,0,0,0,0,0,0,0,0,0,1,1,0,0,0,0,0,0,0,0,0,0,0,0,0,0,0,0,0,0,0,0,0,0,0,0,0,0,0,0,0,0,0,0,1,1,0,0,0,0,0,0,0,0,0,0,0,0,0,0,0,0,0,0,0,0,1,0,0,0,0,1,0,0,0,0,0,1,0,0,0,0,0,0,0,0,0,0,0,0,0,0,0,0,0,0,0,332,0,1,0,0,0,0,0,0,0,0,1,0,0,2333,0,0,0,0,0,0,0,0,0,0,0,0,0,0,0,0,0,0,0,0,0,0,0,0,0,0,0,0,0,0,1,0,1,1,0,0,0,0,0,0,0,0,0,0,0,0,0,0,0,0,0,1,1,0,0,0,0,0,0,0,1,0,0,1,0,0,0,0,0,0,1,0,0,0,0
seq_955_SUB_SUB,9526,52,0.94,40568,1,239469,1,239469,emblAlpDB,1,Phyteuma spicatum,Phyteuma,Campanulaceae,Phyteuma spicatum,,atccggttttctgacaataacaagttcagaaagcgaaaatcaaaaag,0,0,0,0,1,0,0,0,0,0,0,0,0,1,0,0,0,1,0,0,1,0,0,0,0,0,0,0,0,0,0,1,1,0,0,0,0,0,0,1,0,0,0,0,0,0,0,0,0,0,0,0,0,0,0,0,0,0,0,0,0,0,0,0,0,0,0,0,0,0,0,0,0,0,0,1,0,1,0,0,0,0,1,1,1,0,0,1,0,0,0,0,0,3,0,1,0,0,0,0,0,0,0,0,0,0,0,0,0,0,0,0,0,0,0,0,0,1,1,0,1,0,0,0,0,0,0,0,0,0,0,0,0,0,0,0,0,2,0,0,0,0,0,1,0,0,0,0,0,0,0,1,0,0,0,1,0,0,0,0,0,0,0,0,0,0,0,0,0,0,0,0,2,1,0,0,0,0,0,0,0,0,0,0,0,1,0,0,0,0,0,0,0,0,0,0,0,0,0,0,0,0,0,0,0,0,0,0,0,0,0,947,0,0,0,0,0,0,0,0,1,0,0,0,1994,0,0,0,0,0,0,0,1008,0,1,0,0,1,1,0,1,0,1,443,0,0,0,0,2,0,0,0,0,0,0,0,0,0,0,0,0,670,0,0,253,0,0,0,0,0,0,0,0,388,493,0,0,0,1,0,0,0,0,0,0,0,0,0,0,0,0,0,0,0,0,0,0,0,1,0,0,0,0,0,0,0,0,0,0,0,0,0,0,0,0,0,1234,0,1001,592,0,0,0,0,0,0,32,0,471,0,0,0,0,0,0,0,0,0,0,0,0,0,0,0,0,0,0,0,0,0,0,0,0,0,0,0,1,0,0,0,0,0,0,0,0,0,0,0,0,0,0,0,0,1,0,0,0,1,0,1,0,1,0,0
seq_288_SUB_SUB,8872,42,1,65042,1,43174,1,43174,emblAlpDB,1,NA,Pedicularis,Orobanchaceae,Pedicularis,,atcttcttttttttttcaaaacaaaggttcagaaaacgaaaaaaag,0,0,0,0,0,0,0,0,0,0,0,0,0,0,0,0,0,0,0,0,0,0,0,0,0,160,147,0,0,0,0,369,0,0,0,0,0,0,0,0,0,0,0,0,0,1,0,0,0,0,0,0,416,0,0,0,0,0,0,0,0,0,0,1,0,0,0,1,0,0,0,0,0,1,0,0,0,1,1,0,0,1,0,0,0,0,0,0,0,0,356,0,1,0,0,0,0,0,1,0,0,0,0,0,0,0,0,348,0,0,0,0,0,0,0,0,0,0,0,0,0,0,0,0,0,0,0,0,1,0,0,0,165,0,0,227,0,0,0,4572,0,0,0,0,0,0,0,0,0,0,0,0,0,0,0,0,0,0,0,0,0,0,0,0,0,0,0,0,0,0,0,1,1,0,0,0,0,0,0,0,0,0,0,0,0,0,0,0,598,0,0,0,0,0,0,0,632,194,0,0,0,0,0,1,0,0,1,0,0,0,0,0,0,0,0,0,0,0,0,214,0,0,0,0,0,0,0,0,0,0,0,0,0,0,0,0,0,0,0,0,0,0,0,0,1,0,0,0,0,0,0,0,0,0,0,0,0,0,0,0,0,0,1,0,0,1,0,0,67,0,50,0,0,0,0,0,0,0,1,0,0,0,0,0,0,0,0,0,0,0,0,0,0,0,0,0,0,0,9,0,0,0,0,0,0,0,0,0,0,0,0,0,0,0,0,0,1,0,0,0,0,0,0,36,0,0,0,0,0,0,0,0,0,0,142,0,0,0,0,0,1,179,0,0,0,0,0,0,0,0,0,0,0,0,0,0,0,0,0,0,0,0,1,0,1,0,0,0,0,0,0,0,0,1,0,0,0,0,0,0,0,0,0,0
seq_391_SUB_SUB,8717,43,1,46053,1,46053,1,46053,emblAlpDB,1,NA,Euphrasia,Orobanchaceae,Euphrasia,,atcctgttttttccaaacaaagattcagaaaacgaaaaaaag,0,0,0,0,0,0,0,0,0,0,0,0,0,0,0,0,0,0,0,0,0,0,0,0,0,0,0,5,1,0,897,0,0,0,645,0,0,0,1,0,0,0,1,0,0,0,1,0,0,0,0,0,0,0,283,0,0,0,1,0,0,0,0,0,0,0,0,0,0,0,0,0,0,0,268,0,1,0,0,0,0,0,0,0,0,0,0,0,0,0,0,1,0,0,0,0,0,1,0,0,0,0,0,220,0,0,0,0,228,240,0,659,0,0,0,0,0,0,0,1,0,1,0,0,0,0,0,0,0,0,0,0,0,0,0,0,0,0,0,0,0,0,0,1,0,0,0,0,1,0,0,0,0,0,0,0,0,0,1,0,0,0,0,0,0,0,0,0,427,0,0,0,0,0,0,0,0,0,0,0,0,0,0,0,0,0,2997,0,0,0,0,0,0,0,0,0,0,0,0,0,0,0,0,0,0,0,0,0,0,0,0,0,0,0,0,0,0,0,0,0,0,0,239,0,0,1,0,0,1,0,0,0,0,0,0,0,0,1,1,0,0,0,0,0,0,0,0,0,0,0,0,0,0,0,0,0,0,0,0,0,0,0,0,0,1,0,1,0,0,0,0,0,297,0,0,0,0,0,0,534,1,0,0,0,0,0,0,0,0,0,0,0,0,0,0,0,0,1,0,0,0,0,0,0,0,0,0,0,0,0,0,0,0,0,0,0,0,0,0,1,0,0,0,0,0,0,0,0,0,0,0,0,241,0,0,0,0,0,0,0,0,0,358,184,0,1,0,0,0,0,0,0,0,1,0,0,0,0,0,0,0,0,0,0,0,0,0,0,1,0,0,0,0,0,0,0,0,0,0,0,0,0,1,0
seq_1677_SUB_SUB_CMP,8295,88,0.987951807,13398,1,13398,1,13398,emblAlpDB,1,NA,Carex,Cyperaceae,Carex,,atcttctttttgagaaaaagaaatatataaaatatttcttatttcagataagaaagaataatattttcttatctaatattaaa,0,0,0,0,0,0,0,0,0,0,0,0,0,0,0,0,0,0,0,2,0,0,0,0,0,0,0,0,0,0,2,0,1,0,181,1,0,0,0,0,0,0,0,0,0,0,0,0,0,0,0,0,1,1,57,1,0,0,0,0,1,0,0,1,1,0,0,0,1,1,0,1,0,0,0,1,0,0,0,0,0,648,0,0,0,0,0,0,0,0,0,0,0,1,0,0,130,0,0,0,0,0,0,0,0,1,0,1,0,0,0,0,30,214,187,343,0,0,0,1,0,2,0,0,164,0,0,0,0,0,0,0,0,1,0,0,0,1,0,0,0,0,0,0,0,460,1,0,0,0,0,0,0,0,0,0,0,1,0,0,0,0,0,0,0,0,0,1,103,0,1,1,0,0,231,0,440,0,0,0,127,0,302,0,0,1,0,0,27,0,0,0,0,0,0,0,0,60,0,38,0,0,0,0,259,0,0,691,1,0,0,0,151,0,0,101,0,0,32,0,0,0,0,0,0,1,0,0,0,0,0,508,171,0,0,0,0,0,0,95,46,0,0,115,222,50,0,0,0,171,0,0,1,1,16,0,0,0,0,0,0,0,0,0,38,0,0,0,0,12,43,0,0,0,0,0,0,0,0,0,0,0,0,0,0,0,1,0,1,0,0,0,0,0,0,0,0,0,0,1,0,0,0,1,0,0,0,0,0,0,0,0,200,0,0,0,0,38,0,0,1,0,0,0,0,1,0,0,0,1,9,2,0,1,0,0,0,0,0,0,0,65,0,0,0,0,0,0,0,0,0,2,0,1,0,0,0,0,0,0,0,0,0,0,1,0,0,0,1529,0,0,0,0,2,0,0,0,1,1,0,0,1,1,0
seq_20294_SUB_SUB_CMP,7127,57,1,313330,1,217046,1,217046,emblAlpDB,1,NA,NA,Ericaceae,Rhodoreae,arbusti,atccttttttcgcaaacaaacaaagattccgaaagctaaaaaaaag,0,0,0,1,0,0,0,0,0,1,1,0,0,0,0,0,0,0,0,0,0,0,0,0,0,0,0,0,0,0,0,0,0,1,1,0,1,0,1,0,0,0,0,0,0,0,0,0,0,0,0,0,0,0,1028,460,0,0,0,0,0,1,0,0,0,0,0,1,0,0,1,0,0,0,0,0,1279,0,0,0,0,0,4,3,1,0,0,1,0,0,0,0,0,0,0,0,1,0,0,0,0,0,0,0,0,0,1,0,0,0,1,0,0,0,0,0,0,0,0,0,0,0,1,1,0,0,0,0,0,0,1,0,0,0,0,0,0,0,0,0,0,0,0,0,0,0,0,0,0,0,1,0,0,0,0,0,0,0,0,0,0,0,0,0,0,0,0,0,0,808,0,0,0,0,1,0,0,0,0,0,0,0,0,0,0,1,0,0,0,0,0,0,0,0,0,0,1,0,775,0,0,0,0,0,0,0,0,0,0,0,0,3,1,0,0,0,0,1,0,0,0,0,0,0,0,0,0,0,0,0,0,0,0,0,1,0,0,0,0,0,0,0,159,0,0,0,0,0,0,0,0,345,0,0,0,0,0,0,105,226,0,0,0,0,0,431,0,64,267,1,0,114,0,324,0,350,0,392,0,2,0,0,0,0,0,0,0,0,0,0,0,1,0,0,0,0,0,0,0,1,0,1,0,0,0,0,0,1,0,0,0,0,0,0,0,0,0,0,0,0,0,0,0,0,0,1,0,0,0,0,1,0,0,0,0,0,0,0,1,0,0,0,0,0,0,0,0,0,0,0,1,0,0,0,0,0,0,0,0,0,0,0,0,0,0,0,1,1,0,1,0,0,0,0,0,0,0,0,0,0,0,0,0,0
seq_4510_SUB_SUB,6841,103,0.722222222,13829,1,3211,0.888888889,111663,emblDB,1,NA,NA,Polytrichaceae,Polytrichaceae,,atcttattctaaaatga,0,0,0,0,0,0,234,0,0,0,0,0,0,9,3,0,372,3,0,0,0,0,0,0,0,0,3,16,0,0,0,0,0,1,11,0,0,260,0,487,0,0,0,1,0,0,0,0,0,1,19,0,0,0,0,0,0,0,0,0,0,0,0,0,0,0,0,0,101,0,0,134,0,0,20,0,0,0,15,1,0,1,0,0,0,0,0,0,0,0,0,0,0,0,0,0,4,0,0,160,0,0,0,0,0,50,2,46,16,0,0,0,0,0,52,0,0,0,38,0,0,0,0,0,0,0,0,0,0,0,0,88,0,0,1,0,49,26,0,0,0,0,627,0,0,12,127,217,0,0,0,0,0,0,0,0,0,17,0,41,0,0,0,0,0,1,1,1,1,0,144,0,124,1,178,0,0,24,0,0,116,1,0,27,7,50,0,0,6,1,2,0,0,4,0,0,0,111,0,1,0,0,0,10,162,0,0,0,23,0,0,1,0,5,295,0,64,0,0,0,0,0,0,0,0,77,0,89,1293,270,0,0,0,0,4,0,12,2,0,0,0,0,0,0,34,0,0,1,0,0,0,0,0,0,8,10,0,0,0,0,0,0,1,0,2,0,0,0,0,0,0,0,0,0,0,0,0,0,205,0,0,0,0,0,0,1,0,0,0,0,5,0,0,4,0,0,0,3,5,41,0,0,0,14,0,0,0,0,0,73,31,6,0,0,6,9,0,0,0,0,0,3,0,0,97,0,1,0,0,0,0,0,0,1,8,0,11,0,0,12,0,22,2,0,4,0,0,0,34,0,0,0,0,0,0,0,0,0,0,0,0,0,0,0,0,0,0,0,0,113,0,0,0,0,0,0,0,0,0,0,0,0,0,0
seq_5958_SUB_SUB_CMP,6633,34,1,164258,1,4173,1,4173,emblAlpDB,1,NA,Veronica,Plantaginaceae,Veronica,,atcctgtcttctaaaaacaaagatccagaaagtgaaaaagggg,0,0,0,0,0,0,0,0,0,0,0,0,0,0,0,0,0,0,0,0,0,0,0,0,0,0,0,0,0,0,0,0,0,0,0,0,0,0,0,0,0,0,0,0,0,0,0,0,0,0,0,0,1,0,0,0,0,0,0,0,0,0,0,0,0,0,0,0,0,0,0,0,0,0,0,0,0,0,0,0,0,0,0,0,0,2,0,0,0,0,0,0,2134,0,0,0,785,0,0,0,0,0,0,0,0,0,0,0,0,0,1,0,0,14,0,0,0,1,421,0,0,0,0,0,0,0,0,0,0,0,0,0,0,0,0,0,0,0,0,0,0,0,0,0,0,0,0,0,0,0,0,0,0,1,0,0,0,0,0,0,0,0,0,1,0,0,0,0,0,0,0,0,0,0,1,0,0,0,0,0,0,0,0,1,0,0,0,0,0,0,1,1,0,0,0,0,0,0,0,1,0,0,0,1,1,1,0,0,0,0,0,0,0,0,0,0,0,0,0,0,0,0,0,0,0,0,0,0,0,0,0,0,0,0,0,0,0,0,0,0,0,0,0,0,0,0,0,0,0,0,0,1,0,0,0,0,0,0,0,0,0,0,0,0,0,0,0,0,0,0,0,0,0,0,0,0,0,0,0,0,0,0,0,0,0,0,0,0,0,0,0,0,0,0,0,0,0,0,0,0,0,0,0,0,0,0,0,0,0,0,0,0,0,0,0,0,0,0,0,0,0,1,0,0,0,0,0,0,0,1,1,0,0,0,0,701,650,0,1,0,0,0,0,0,0,649,849,0,0,430,0,0,0,0,1,0,0,0,0,0,0,0,1,1,0,0,0,0,1,0,0,0,1,1,0,0,0,0,0,0,0,0,0,0
seq_2171_SUB_SUB_CMP,6444,46,1,284366,1,284366,1,284366,emblAlpDB,1,Oxyria digyna,Oxyria,Polygonaceae,Oxyria digyna,,ctccttcgtccaaaaggaagaataaaaaag,0,0,0,0,0,0,0,0,0,0,0,0,0,1,0,0,0,0,0,0,1,0,0,0,0,0,0,0,1,0,1,0,0,654,1,0,0,1,0,0,0,0,0,0,0,0,0,0,1,0,0,0,0,0,0,1,0,0,0,1,0,0,1,0,0,0,0,0,1,0,0,1,0,0,1,0,0,0,0,0,0,1,0,0,0,0,0,0,0,0,0,1,1,0,0,0,0,0,0,0,0,0,0,0,0,0,0,0,277,0,320,0,0,0,0,0,0,0,0,0,0,0,0,1,0,0,0,0,804,0,0,0,1,0,0,0,0,0,1,0,0,0,1,0,0,1,0,0,0,387,0,0,0,1188,0,0,0,1,332,0,0,0,0,0,0,0,0,0,0,0,0,0,0,0,1,0,0,0,0,0,166,403,488,0,0,0,0,0,0,0,0,0,0,0,0,0,0,0,0,0,0,0,0,0,0,0,0,0,0,0,0,0,0,1,0,0,0,0,0,0,371,0,0,0,0,0,0,0,0,0,0,0,0,0,0,0,0,0,0,0,0,0,0,0,0,0,0,0,0,0,0,0,0,0,0,0,0,0,0,0,0,0,0,0,0,0,0,0,0,0,0,0,0,0,0,0,0,0,0,0,0,0,0,0,0,0,0,0,0,0,0,0,0,1,561,0,0,0,0,0,0,0,0,0,0,0,0,0,0,0,0,0,0,0,0,0,0,0,1,0,1,0,0,0,361,0,0,0,0,0,0,0,1,0,0,0,0,0,0,0,0,132,0,0,2,0,0,1,0,0,0,0,0,0,0,0,0,0,0,1,0,0,1,0,0,0,0,0,0,0,0,0,0,0,0,0,0,0,0,0,0,0,0,0
seq_4492_SUB_SUB,5804,44,1,46326,1,46326,1,46326,emblAlpDB,1,NA,Eriophorum,Cyperaceae,Eriophorum,,atctttcattttgagaaaatgagagatataaaatatctcttatttattataagaaataaaatatttcttatctaatattaaa,0,0,0,0,0,0,0,0,1,0,0,0,0,0,0,0,0,1,0,0,0,0,0,0,0,0,0,0,33,14,0,0,942,0,0,1,0,0,0,0,0,0,0,0,0,0,0,0,0,0,0,0,0,0,0,0,0,0,0,0,0,0,0,0,0,0,0,0,0,0,0,0,0,0,0,0,0,0,0,0,0,0,0,0,1,1,0,0,0,0,39,0,0,0,0,0,0,0,0,0,0,0,0,0,0,0,33,2,21,0,29,0,0,0,1,0,0,0,129,0,0,0,0,0,0,0,0,0,0,0,1,0,0,0,0,0,0,0,0,0,0,0,0,172,0,0,0,0,0,0,0,0,0,0,0,0,0,0,0,0,0,0,0,0,142,0,0,75,0,0,0,0,0,0,0,0,0,1,0,0,0,0,0,1,0,0,0,0,0,0,0,240,0,0,0,1,0,0,0,0,0,0,0,0,0,3425,2,0,0,0,0,0,0,0,0,0,0,0,0,0,0,0,0,0,0,0,0,0,0,0,0,0,1,0,0,0,33,46,6,0,1,0,0,0,0,0,0,0,0,0,0,0,0,0,0,0,0,0,0,0,0,0,0,0,19,0,0,18,0,0,0,12,0,0,0,0,0,0,0,0,0,0,0,0,0,1,0,0,0,0,0,0,0,0,0,0,0,0,0,50,0,0,0,0,0,0,0,0,0,0,0,0,0,0,0,0,0,0,220,0,0,0,0,0,0,0,0,0,0,0,0,0,0,13,0,0,0,0,0,0,0,46,0,0,0,0,0,16,0,0,0,0,0,0,0,0,0,0,0,0,0,0,0,0,0,0,37,1,1,0,0,0,0,1,0,0,0,0,0,0,0,0,1,0
seq_13970_SUB_SUB,5295,25,0.962264151,13054,1,3934,0.962264151,3934,emblDB,1,NA,NA,Onagraceae,Onagraceae,,atcctattttacgaaaaccaacaccgggggtttagaaagcgagaaaaaaaaag,0,0,0,0,0,0,221,1258,0,0,0,0,0,0,0,0,0,0,0,0,0,0,0,0,0,0,435,1,0,0,0,0,0,0,0,0,0,0,0,0,0,0,0,0,0,0,0,0,0,0,206,0,0,0,2,0,0,0,0,0,0,0,0,0,0,0,0,0,0,0,0,0,0,0,0,0,0,0,0,0,0,0,0,0,0,0,0,0,0,0,0,0,0,0,0,0,0,0,0,0,0,0,0,0,0,0,0,0,0,0,170,0,0,0,0,97,0,1,0,0,0,0,0,0,0,0,0,0,0,0,0,0,0,0,0,0,0,0,0,0,0,0,0,0,0,0,0,0,0,0,0,0,0,0,0,0,0,0,0,0,0,0,1,0,0,0,0,0,0,0,0,0,0,0,0,0,0,0,0,0,0,0,0,0,0,0,0,0,0,0,0,0,0,0,0,0,0,0,0,0,0,0,0,0,0,0,0,0,0,0,0,0,0,0,0,0,0,0,0,0,1,0,0,0,0,0,0,0,0,0,1,0,0,0,0,0,0,0,0,0,0,0,0,0,0,0,0,0,0,0,0,0,0,0,0,0,0,0,0,0,0,0,0,0,1,5,0,0,0,0,0,0,0,0,0,0,0,0,0,0,0,0,0,0,0,0,0,0,0,0,0,0,0,0,0,1,0,293,0,0,0,0,0,0,0,0,0,0,0,0,0,0,0,0,0,0,0,0,0,0,0,0,0,0,0,0,161,0,0,0,0,0,0,0,0,0,0,0,0,0,0,0,29,0,184,0,850,620,0,0,0,0,0,0,0,0,0,0,0,0,0,771,0,0,0,0,0,0,0,1,0,0,0,0,0,1,0,0,0,0,0,0,0,1
seq_30801_SUB_SUB_CMP,5067,31,1,10005769,1,38595,1,38595,emblAlpDB,1,NA,Ajuga,Lamiaceae,Ajuga,,atcctgttttctcaaaacaaagattcaaaaaacgaaaaaagg,0,0,0,0,0,0,0,0,0,0,0,0,0,0,0,0,0,0,0,0,0,0,0,0,0,0,0,0,0,0,0,0,0,0,1,0,1,0,0,0,0,0,0,0,0,0,0,0,0,1,0,0,0,860,1,0,0,0,0,0,0,0,0,0,0,0,0,0,0,0,0,0,0,0,0,0,0,0,0,0,0,0,0,0,1,1,1,0,0,0,0,0,0,0,0,0,0,0,0,0,0,1,1,0,0,0,0,0,0,0,0,0,0,0,0,0,0,0,0,0,0,0,0,0,0,0,0,0,0,1,0,0,0,0,0,0,0,0,0,0,0,0,0,0,0,0,1,0,0,0,0,0,0,0,1,0,0,0,0,0,0,0,0,0,1833,0,0,0,0,0,0,0,0,0,0,0,0,0,0,1,0,0,0,0,0,0,0,0,0,0,0,0,0,0,0,0,0,0,0,0,0,0,0,0,0,0,0,0,0,1,0,0,0,0,0,0,0,0,1,0,0,0,0,0,0,0,0,0,0,0,0,0,0,0,0,0,0,0,0,0,0,0,0,0,0,0,0,0,0,0,0,0,0,0,0,0,0,0,0,0,0,0,0,0,0,497,653,37,0,0,263,458,0,0,0,0,0,377,0,0,0,0,0,0,0,0,0,0,0,0,0,0,0,0,0,0,0,0,1,0,0,0,0,0,0,1,0,0,0,0,0,0,0,0,0,0,0,0,0,1,0,0,0,0,0,0,0,0,0,0,1,89,0,0,0,0,0,0,0,0,0,0,0,0,0,0,0,0,0,0,0,0,0,0,1,0,0,0,0,1,1,0,0,0,0,0,0,0,0,0,0,0,0,0,0,0,0,0,0,0,0,0,0,0
seq_3284_SUB_SUB_CMP,4594,32,1,640620,1,147387,1,147387,emblAlpDB,1,NA,NA,Poaceae,Poeae,,atccgtgttttgagaagggggttctcgaactagaatacaaaggaaaag,0,0,2194,0,0,0,0,0,0,0,0,0,0,0,0,0,0,0,1,0,0,0,1,0,0,0,0,0,0,0,0,0,0,0,0,0,0,0,0,0,0,0,0,0,0,0,0,0,0,0,0,0,0,0,0,0,0,0,0,0,0,0,0,0,0,0,0,0,0,0,1,0,0,0,0,0,0,0,1,1,1,0,0,0,0,0,1,0,0,0,0,0,0,0,0,0,0,0,0,0,0,0,0,0,1,0,0,0,0,0,0,0,0,0,0,0,0,0,0,0,0,0,0,0,0,0,0,0,0,0,0,0,0,0,0,0,0,0,0,0,0,0,0,0,0,0,0,0,0,0,0,0,0,0,0,0,0,0,0,0,0,0,0,0,0,0,0,0,1,0,0,0,0,0,0,0,0,0,0,0,0,0,0,0,0,0,0,0,0,0,0,0,0,1,0,1,0,0,0,0,0,0,0,0,0,0,0,0,0,0,0,0,0,0,0,0,1,0,1,0,0,0,0,0,0,0,0,0,0,0,0,0,0,0,0,0,0,0,0,38,0,0,0,0,0,0,0,0,0,0,0,0,0,0,0,0,0,0,0,0,0,1,0,0,0,0,0,0,0,5,144,0,0,0,0,0,0,0,0,1,0,0,1,0,0,0,0,0,0,0,0,0,0,0,1111,0,0,0,0,0,0,1,133,0,0,0,0,0,0,1,0,0,0,0,0,0,0,0,0,0,0,0,0,0,0,0,0,0,0,0,0,0,0,0,0,0,214,0,0,424,336,0,0,0,0,0,0,0,0,0,0,0,0,0,0,0,0,0,0,0,0,0,0,0,1,0,0,0,0,0,0,0,0,0,0,1,0,1,0,1,2,0,0,0
seq_6089_SUB_SUB_CMP,3849,27,0.980392157,74519,1,3853,0.980392157,3814,emblDB,1,NA,Lathyrus,Fabaceae,Lathyrus,,atccttctttccgaaaacaaataaaagttcagaaagtgaaaatcaaaaaag,0,0,0,0,0,0,0,0,0,0,0,0,0,0,0,0,0,0,0,0,0,0,0,0,0,0,0,0,0,0,0,0,0,0,0,0,0,0,0,0,0,0,0,0,0,0,0,0,0,0,0,1,0,0,0,0,0,1,0,1,0,0,0,0,1,0,0,0,0,0,0,0,0,0,1,0,0,0,0,0,0,0,0,0,0,0,0,0,0,0,0,0,0,0,1,0,0,0,1,0,0,0,0,0,0,0,0,0,0,1,0,0,0,0,0,0,0,0,0,1,0,0,0,0,0,0,0,0,0,0,0,0,0,0,0,0,0,0,0,0,0,0,0,0,0,0,0,0,0,0,1,0,0,0,0,1,0,0,0,0,0,0,0,0,0,0,0,0,0,0,0,0,0,0,0,0,0,0,0,0,0,0,0,0,0,0,0,0,0,0,0,0,0,0,0,0,0,0,0,0,0,0,1,0,0,0,0,0,0,0,0,0,0,0,0,0,0,0,0,0,0,0,0,0,0,0,0,0,0,0,0,0,0,0,0,0,0,0,0,0,0,0,0,0,0,1,0,0,0,0,0,0,0,0,0,0,0,0,0,0,0,0,0,0,0,0,0,0,358,0,83,579,611,0,0,0,0,0,0,0,0,0,0,1,0,0,0,0,0,0,0,0,0,0,0,0,0,0,0,0,0,0,0,0,0,0,0,0,0,0,0,0,0,0,0,0,0,0,0,0,0,0,0,0,0,0,325,16,152,450,941,0,0,334,0,0,0,0,0,0,0,0,0,0,0,0,0,0,0,0,0,0,0,0,0,0,1,0,0,0,0,0,0,0,0,0,0,1,0,0,1,0,0,0,0,0,0,0,0,0,0,0,0,0
seq_2049_SUB_SUB,3252,24,0.962962963,13055,1,3939,0.944444444,3934,emblDB,1,NA,Oenothera,Onagraceae,Oenothera,,atcctattttacgaaaaccaacaccgggggtttagaaagcgagaaaaaaaaaag,0,0,0,0,0,0,397,47,0,0,0,1,0,0,1,0,0,0,0,0,1,0,0,0,0,0,21,0,0,0,0,1,0,0,0,0,0,0,0,0,0,0,0,0,0,0,0,0,0,0,352,0,0,0,0,1,0,0,0,0,0,0,0,0,0,0,0,0,0,0,0,0,0,0,0,0,0,0,0,0,0,0,0,0,0,0,0,0,0,0,0,0,0,0,0,0,0,0,0,0,0,0,0,0,0,0,0,0,0,0,367,0,0,0,0,232,0,0,0,0,0,0,0,0,0,0,0,0,0,0,0,0,0,0,0,0,0,0,0,0,0,0,0,0,0,0,0,0,0,0,0,0,0,0,0,0,0,0,1,0,0,0,0,0,0,0,0,0,0,0,0,0,0,0,0,0,0,0,1,1,0,0,0,0,0,0,0,0,0,0,0,0,0,0,0,0,0,0,0,0,0,0,0,0,0,0,0,0,0,0,0,0,0,0,0,0,0,0,0,0,0,0,0,0,0,0,0,0,0,0,0,0,0,0,0,0,0,0,0,0,0,1,0,0,0,0,0,0,0,0,0,0,0,0,0,0,0,0,0,0,0,0,0,0,0,1,0,0,0,0,0,0,0,0,0,0,0,0,0,0,0,0,0,0,0,0,0,0,0,0,0,0,0,0,0,0,0,548,0,0,0,0,0,0,0,0,0,0,0,0,0,0,0,0,0,0,0,0,0,0,0,0,0,0,0,0,2,0,0,0,0,0,0,0,0,0,0,0,0,0,0,0,50,0,6,0,19,1190,0,0,0,0,0,0,0,0,0,0,0,0,0,29,1,0,0,0,0,0,0,0,0,0,0,0,0,0,0,0,0,0,0,0,0,0
seq_14185_SUB_SUB_CMP,2458,23,1,49990,1,216718,1,216718,emblAlpDB,1,NA,NA,Lamiaceae,Mentheae,,atcctgttttctcaaaacaaag,0,0,0,0,0,0,0,0,0,0,0,0,0,0,0,0,0,0,0,0,0,0,0,0,0,406,0,1,330,0,0,0,0,0,0,0,0,0,0,0,0,1,0,0,0,0,0,0,0,0,322,0,0,0,0,0,0,0,0,0,0,0,0,0,0,0,0,0,0,0,0,0,0,0,0,0,0,0,0,0,0,0,0,0,1,0,0,0,0,0,0,0,0,1,0,0,0,0,0,0,0,0,0,0,0,0,0,0,0,0,0,0,0,0,0,0,0,0,0,0,0,0,0,0,0,0,0,0,1,0,0,1,0,0,0,0,0,0,0,0,0,0,0,1,0,0,0,0,0,0,0,0,0,0,0,0,0,0,0,0,0,0,0,0,0,0,0,0,0,0,0,0,0,0,0,0,0,0,0,0,0,0,0,0,0,0,0,0,0,1,0,0,0,1,0,0,0,0,0,0,0,0,0,0,0,0,0,0,0,0,0,0,0,0,0,0,0,0,0,0,0,0,0,0,0,0,0,0,0,0,0,0,0,0,0,0,0,0,1,0,0,0,0,0,0,0,0,0,0,0,0,0,0,0,0,366,0,0,0,0,0,0,0,0,0,1,0,0,0,0,0,0,0,0,0,0,3,0,0,1,0,0,0,0,0,0,0,0,0,0,0,0,0,0,0,0,445,0,542,0,0,0,47,0,1,0,0,0,0,0,0,0,0,0,0,0,0,0,0,0,0,0,0,0,0,0,0,0,0,0,0,0,0,0,0,0,0,0,0,0,0,0,0,0,0,0,0,0,0,0,1,0,0,0,0,0,0,0,0,1,0,0,0,0,0,0,0,0,0,0,0,0,0,0,0,0,0,0,0,0,0,0,0,0
seq_26664_SUB_SUB,2445,14,0.901960784,10000819,1,3602,1,3602,emblAlpDB,1,NA,NA,Vitaceae,Vitaceae,,atcctgttttccgaaaacaaccaagggttcagaaaacgataataaaaaaag,0,0,0,0,0,0,0,0,0,0,0,0,0,0,0,1,0,0,0,0,0,0,0,0,0,0,396,691,0,697,0,0,0,0,0,0,0,1,0,0,0,0,0,0,0,0,0,0,0,0,661,0,1,0,0,0,0,0,0,0,0,0,0,1,0,0,0,0,0,0,0,0,0,0,0,0,0,0,0,0,0,0,0,0,0,0,0,0,0,0,0,0,0,0,0,0,0,0,0,0,0,0,0,0,0,0,0,0,0,0,0,0,1,1,0,0,0,0,0,0,0,1,0,0,0,0,0,0,0,0,0,0,0,0,0,0,0,0,0,0,0,0,0,0,0,0,0,0,0,0,0,0,0,0,0,0,0,0,0,0,0,0,0,1,0,0,0,0,0,0,0,0,0,0,0,0,0,0,0,0,0,0,0,0,0,0,0,0,0,0,0,0,0,0,0,0,0,0,0,0,0,0,0,0,0,0,0,0,0,0,0,0,0,0,0,0,0,0,0,0,0,0,0,0,0,0,0,0,0,0,0,0,0,0,0,0,0,0,0,0,0,0,0,0,0,0,0,0,0,0,0,0,0,0,0,0,0,0,0,0,0,0,0,0,0,0,0,0,0,0,0,0,0,0,0,0,0,0,0,0,0,0,1,0,0,0,0,0,0,0,0,0,0,0,0,0,0,0,0,0,0,0,0,0,0,0,0,0,0,0,0,0,0,0,0,0,0,0,0,0,0,0,0,0,0,0,0,0,0,0,0,0,0,0,0,0,0,0,0,0,0,0,0,0,0,0,0,0,0,0,0,0,0,0,0,0,0,0,0,1,0,0,0,0,0,0,0,0,0,0,0,0,0,0,0,0,0,0,0,0,0,0,0,0
seq_17516_SUB_SUB,2116,16,1,32101,1,32100,0.825,3268,emblDB,1,NA,Pteridium,Dennstaedtiaceae,Pteridium,arbusti,atcttgtattacccgaatgaatttcggtcgatggaacga,0,0,0,0,0,0,0,0,0,0,0,0,0,0,0,0,0,0,0,0,0,0,0,0,0,0,0,0,0,0,0,0,0,0,0,0,0,0,0,0,0,0,0,0,0,0,0,0,0,0,0,0,0,0,0,0,0,1,0,0,0,0,0,0,0,0,0,0,0,0,0,0,0,1,0,0,0,0,0,0,0,0,0,0,0,0,0,0,0,0,0,0,0,0,0,0,0,0,0,0,0,0,0,0,0,0,0,44,0,24,0,0,0,0,0,0,0,0,0,0,0,0,0,0,0,0,0,0,0,0,0,0,1,0,0,0,0,0,0,0,0,0,0,0,0,0,0,0,0,0,0,0,0,0,0,0,0,0,0,0,0,0,0,0,0,0,0,0,0,0,0,0,0,0,0,0,0,0,0,0,0,0,0,0,0,0,0,0,0,0,0,0,0,0,0,0,0,25,0,0,0,0,0,0,0,0,0,0,0,0,0,0,0,0,0,0,0,0,0,0,0,1,0,0,0,0,0,0,0,0,0,0,0,0,0,0,0,0,0,0,0,0,0,0,0,0,0,0,0,0,0,0,0,0,0,0,0,0,0,0,0,0,0,0,0,0,0,0,0,0,0,0,0,0,0,0,0,0,0,0,0,0,0,0,0,0,0,0,301,670,421,0,0,0,0,56,1,0,0,0,0,575,0,0,0,0,0,0,0,0,0,0,0,0,0,0,0,0,0,0,0,0,0,0,1,0,0,0,0,1,0,0,0,0,0,0,0,0,0,0,0,0,0,0,0,0,0,0,0,0,0,0,0,0,0,0,0,1,0,0,0,0,0,0,0,0,0,0,0,0,0,0,0,0,0,0,0,0,0,0,0,0,0,0
seq_29665_SUB_SUB_CMP,1727,39,1,46059,0.955555556,4143,0.955555556,46052,ArcBorDB,1,NA,Rhinanthus,Orobanchaceae,Rhinanthus,,atcctgttttcttaaaacaaagattcagaaaacgaaaaaaaaagg,0,0,0,0,0,0,0,0,0,0,0,0,0,0,0,0,0,0,0,0,0,0,0,0,0,0,1,0,0,2,0,0,0,0,0,0,0,0,0,0,0,0,0,0,0,0,0,0,1,0,2,0,2,0,0,0,0,0,0,0,0,0,0,0,0,0,0,0,0,0,0,0,0,0,0,0,0,0,0,0,0,0,0,0,3,0,6,1,0,0,0,0,1,0,0,0,1,0,0,0,0,0,0,0,1,0,0,0,0,0,0,0,0,0,0,1,0,0,0,0,0,0,0,0,818,0,0,0,0,0,0,0,0,0,0,0,0,0,0,0,1,0,0,0,0,0,2,0,4,0,0,0,0,0,0,0,0,0,0,0,0,0,0,0,2,0,1,1,0,0,0,0,0,0,0,0,0,0,0,0,1,3,0,0,0,0,0,0,0,0,0,0,0,0,0,0,0,0,1,0,0,0,0,0,0,0,0,0,0,0,0,0,0,0,1,0,0,0,0,0,0,0,0,0,0,0,0,0,0,1,0,0,0,0,0,0,0,0,0,0,0,0,0,0,0,0,0,0,0,0,0,0,0,0,0,0,0,0,0,0,0,0,0,0,0,0,0,2,0,0,0,35,0,0,0,0,0,0,0,2,0,0,0,0,0,0,0,0,0,0,0,0,0,0,0,0,0,0,0,0,0,0,0,0,0,0,0,1,0,0,1,0,0,0,0,0,2,0,0,0,0,2,0,0,3,0,0,0,184,291,1,43,0,0,0,0,0,0,0,0,0,0,0,0,0,2,0,0,0,1,356,0,0,0,0,0,0,0,0,0,0,0,0,0,0,0,0,0,0,0,0,0,0,0,0,0,0,0,0,0,0,0,0,0
seq_64873_SUB_SUB_CMP,1196,23,1,46326,1,46326,1,46326,emblAlpDB,1,NA,Eriophorum,Cyperaceae,Eriophorum,,atctttcattttgaaaaaatgagagatataaaatatctcttatttattataagaaataaaatatttcttatctaatattaaa,0,0,0,0,0,0,0,0,0,0,0,0,16,369,0,0,0,141,0,0,0,0,0,0,0,0,23,0,0,0,0,0,1,0,0,0,0,0,0,0,0,0,0,0,0,0,0,0,0,0,0,0,0,0,0,0,0,0,0,0,0,0,0,0,0,0,0,0,0,0,0,0,0,0,0,0,0,0,0,0,0,0,0,0,0,0,0,0,0,0,0,0,0,0,0,0,0,0,0,0,0,0,0,20,42,0,0,68,0,25,1,0,0,0,0,0,0,0,0,1,0,1,0,0,0,0,0,0,0,0,0,0,0,0,0,0,0,0,0,0,0,0,0,0,0,0,0,0,0,0,0,0,0,0,0,0,0,0,1,0,0,0,0,0,0,0,0,0,0,0,0,0,0,0,0,0,0,0,0,0,0,0,0,0,0,0,0,0,0,0,0,0,0,0,0,0,0,0,0,0,0,0,0,0,0,1,383,0,0,0,0,0,0,1,0,1,0,0,0,0,0,0,0,0,0,0,0,0,0,0,0,0,0,0,0,0,0,0,0,0,0,0,0,0,0,0,0,0,0,0,0,0,0,0,0,0,0,0,28,0,0,0,0,1,0,0,0,0,0,0,0,1,0,0,0,0,0,0,0,0,0,0,0,0,0,0,0,0,0,0,0,0,81,0,7,0,0,0,0,2,0,0,0,0,0,0,0,0,0,0,0,0,0,0,0,0,0,0,0,0,0,0,0,0,0,0,0,0,0,0,0,0,0,0,0,0,0,0,0,0,0,0,0,0,0,0,0,0,0,0,0,0,0,0,0,0,0,0,0,0,0,0,0,0,0,0,0,0,0,0,0,0,0,0,0,0,0,0,0,0,0,0,0,0
