"Site","Sample","Replicates","OTU_1","OTU_2","OTU_3","OTU_4","OTU_5","OTU_6","OTU_7","OTU_8","OTU_9","OTU_10","OTU_11","OTU_12","OTU_13","OTU_14","OTU_15","OTU_16","OTU_17","OTU_18","OTU_19","OTU_20","OTU_1","OTU_2","OTU_3","OTU_4","OTU_5","OTU_6","OTU_7","OTU_8","OTU_9","OTU_10","OTU_11","OTU_12","OTU_13","OTU_14","OTU_15","OTU_16","OTU_17","OTU_18","OTU_19","OTU_20","OTU_1","OTU_2","OTU_3","OTU_4","OTU_5","OTU_6","OTU_7","OTU_8","OTU_9","OTU_10","OTU_11","OTU_12","OTU_13","OTU_14","OTU_15","OTU_16","OTU_17","OTU_18","OTU_19","OTU_20","X_z_all"
"1",1,3,0,0,0,0,0,30722739,0,0,0,0,0,1691122,0,29877815,0,0,0,3309445,0,0,7,0,0,0,0,4187030,0,0,0,5,0,305555,0,4743550,0,0,0,514686,0,0,0,0,0,0,0,14552235,4,121,0,0,0,797483,0,12982404,0,0,0,1441880,0,7,0.784463366959244
"1",2,3,8,0,0,0,0,0,0,0,0,0,0,4168971,0,8,0,0,0,0,24682398,9,0,0,7,0,0,10,9,0,0,0,0,1498031,0,0,0,0,0,0,8873599,0,0,0,0,0,0,4,0,0,0,0,0,11440452,0,2,0,0,8,5,98199325,0,0.784463366959244
"2",3,3,0,114,0,0,0,0,0,0,0,8,0,107,0,350542,0,4083155,0,0,0,0,0,0,0,0,0,0,0,0,0,0,0,0,8,1867676,0,13600601,4,0,0,0,9,0,0,0,0,90,0,0,91,0,0,0,0,1060172,0,6553323,0,0,0,0,0.219938616268337
"2",4,3,808222,0,0,0,0,0,0,0,0,0,0,300936,0,471880,0,9,0,0,0,0,20979384,0,0,0,0,5,0,6,0,0,0,6946062,0,9219527,0,0,0,0,0,0,911003,0,0,0,0,0,0,0,0,0,0,263657,0,383306,0,0,0,0,0,0,0.219938616268337
"3",5,3,0,4661659,0,7,0,0,0,0,0,30979532,0,0,0,7,6,0,4,7,0,0,0,1287619,0,0,0,0,8,0,0,7264976,0,3089884,0,0,104,0,0,0,0,6,6,1210644,0,0,0,0,0,7,0,7572851,0,3360113,0,0,0,0,0,0,0,113,0.358309445669875
"3",6,3,0,0,0,0,6,0,8107477,0,0,0,0,0,0,0,0,0,0,0,14054762,0,0,0,0,0,0,0,9938461,99,0,0,0,0,0,0,0,0,0,0,19484045,0,9,0,0,0,5,0,5273719,0,0,3,0,0,0,0,0,0,0,0,7760530,0,0.358309445669875
"4",7,3,0,0,0,0,1500923,8,0,0,0,0,0,0,15119845,0,0,0,0,0,0,0,0,3592436,0,0,746270,0,0,0,0,0,4,0,5661028,0,0,0,0,0,0,0,0,0,0,0,286478,0,0,0,0,0,0,0,2508267,0,0,0,3,0,0,0,0.16844681603834
"4",8,3,0,0,0,0,0,0,1747236,0,449366,0,0,884112,0,0,0,0,9,0,0,0,0,0,0,0,9,0,1287927,0,298061,0,0,436480,0,0,0,0,0,0,0,0,0,0,0,0,8,0,82645603,0,16032669,0,0,27084039,0,0,0,0,0,0,0,0,0.16844681603834
"5",9,3,0,0,0,0,0,22082935,0,0,143587,0,0,10850506,0,0,0,0,7,0,0,0,0,0,0,0,0,18640410,0,0,110505,0,0,8296566,0,0,0,0,0,0,8,6,0,0,0,0,0,53599075,0,0,0,0,0,27288936,0,10,0,0,0,0,0,0,0.556261589284986
"5",10,3,0,0,6,0,4590370,0,1142145,0,650921,0,2,0,0,0,0,7449723,0,0,0,0,0,0,0,0,4938353,0,1644357,0,566896,0,0,9,3,0,0,10279740,8,0,0,0,0,8,0,0,670848,0,225008,0,90312,0,0,0,0,0,0,1468397,0,0,0,0,0.556261589284986
"6",11,3,0,0,0,0,516691,0,0,11,0,1563307,0,6997818,0,10787861,12388530,0,0,7925652,0,0,0,0,1,0,3705720,0,0,0,0,7779762,0,43933937,0,51108027,57559310,0,0,43605268,0,0,0,0,0,0,139954,0,0,0,0,301686,0,2762168,0,2495345,3045124,0,0,2319103,0,0,0.907913553528488
"6",12,3,0,0,5,0,0,0,0,0,0,2,0,11451548,1122247,0,0,0,0,1777718,17815514,7,0,0,0,0,0,0,0,0,4,0,0,5181401,353607,0,94,5,0,579235,6766594,0,0,0,0,0,0,6,0,0,0,0,0,7663933,633297,2,0,0,0,994203,9725432,0,0.907913553528488
"7",13,3,0,5,3,7,0,5,0,0,105,0,0,0,26263703,0,4,0,0,0,0,0,8,5,0,0,0,0,0,6,0,0,0,0,5469919,0,0,0,5,0,0,0,0,0,0,4,0,0,0,0,0,0,0,0,3896139,0,0,0,0,0,0,8,0.248817401472479
"7",14,3,0,98,0,611332,526950,9152140,0,0,0,0,0,0,0,0,0,0,0,0,0,0,0,0,0,2176148,1911779,43392362,0,0,0,0,0,0,0,0,0,0,0,0,5,0,0,0,0,594474,428018,7965502,0,0,0,0,5,0,0,0,0,0,0,9,0,8,0.248817401472479
"8",15,3,0,0,0,16935518,0,0,0,0,0,4480248,0,0,0,0,0,0,0,0,0,0,2,0,0,21482669,0,0,0,0,0,6941448,0,0,0,4,0,0,0,4,0,0,0,0,0,0,0,0,0,0,0,4711263,0,0,0,0,0,0,0,0,0,105,0.129349262220785
"8",16,3,0,0,0,0,0,37055457,1874591,0,0,0,0,4,62078225,0,0,0,0,0,0,0,0,0,0,0,0,71034893,0,0,0,0,0,0,143121702,0,0,0,8,0,0,0,0,0,0,0,0,43926193,2057176,0,0,0,0,0,98030862,0,8,0,0,0,0,0,0.129349262220785
"9",17,3,0,3972794,0,0,0,17293029,0,7,0,0,0,40558208,10,0,25668060,0,0,0,0,4,0,4797630,0,0,0,23547369,0,0,0,0,118,59031380,2,0,28189786,0,0,0,0,0,0,2383358,0,0,0,15885914,0,0,0,0,0,29111043,0,0,20904852,0,0,0,0,0,0.970418513054028
"9",18,3,24153590,0,0,0,5814954,41200799,27124869,5225878,0,0,0,48562104,0,66650318,0,0,0,0,75200250,0,54193332,0,2,0,14010921,122766876,74733670,13807089,0,0,0,96273064,0,170200886,0,0,0,0,239505415,0,5277083,0,0,0,1138377,11801175,6135610,1004049,0,0,114,11428727,0,18208503,0,0,0,8542509,17547785,0,0.970418513054028
"10",19,3,0,0,2306783,0,0,0,2336007,0,0,0,0,3302799,0,0,0,0,0,0,0,0,0,0,2264794,4,0,0,2739302,0,0,0,0,3104437,0,0,0,0,0,0,0,0,0,0,16559471,0,0,0,20676447,0,0,0,0,21796952,0,0,10,0,0,0,0,0,0.382928135572001
"10",20,3,0,105,0,5,0,291754001,11284197,0,0,0,11,0,0,0,0,5,0,0,116688118,11139640,0,0,0,0,0,152279243,5954040,0,0,0,3,0,0,0,0,0,0,7,50918483,6840455,0,0,0,0,0,47977639,1824654,0,0,0,0,0,0,0,0,0,0,12,18591092,2210534,0.382928135572001
"11",21,3,0,0,0,0,0,0,0,0,819413,0,0,0,0,0,0,0,0,0,0,3423433,0,0,0,0,0,9,0,0,308973,0,0,0,0,0,0,0,0,0,0,1450509,0,0,0,0,0,0,0,0,637427,0,0,0,0,0,0,0,0,0,0,2758015,0.0174195705913007
"11",22,3,0,19401109,0,0,0,0,0,0,0,79733852,0,93,22874219,0,0,0,0,0,4,0,8,5796323,0,0,0,0,0,0,0,20862102,0,0,5460955,0,0,0,0,0,0,0,4,4920690,0,0,0,0,8,0,0,17517141,0,0,4855053,3,0,7,0,0,0,0,0.0174195705913007
"12",23,3,0,0,0,0,0,0,0,0,0,0,0,0,0,0,10,0,0,0,52756595,0,0,0,0,0,3,0,0,0,0,0,0,0,0,0,0,0,0,0,147869196,0,0,0,0,0,0,0,0,0,0,0,0,0,0,0,0,0,0,0,58963099,0,0.177977130981162
"12",24,3,0,14744771,0,0,0,0,4,0,0,0,0,15026979,0,0,0,0,0,0,6,704298,0,0,0,0,0,3,0,0,11,0,0,1483519,6,0,0,0,0,6,0,72945,0,9697844,0,0,0,5,0,0,0,0,0,8059831,0,0,0,0,0,0,0,437725,0.177977130981162
"13",25,3,57454330,5,0,0,0,0,0,0,15,0,4,14601242,0,31275165,0,0,0,14618336,148548682,0,25855082,0,0,0,0,0,0,0,0,0,0,5846518,0,13498646,0,0,0,4638780,72622659,0,2696321,0,0,0,0,0,0,0,0,0,0,691351,0,1271854,0,0,0,605445,9405446,0,0.95392411085777
"13",26,3,6,0,2,0,0,4022758,0,0,0,0,0,0,0,0,6536553,0,0,9947,0,540678,0,0,0,4,102,32514625,0,0,0,0,5,0,0,3,70774536,0,0,76893,67067800,4725800,0,0,0,0,0,52723758,0,0,0,0,0,0,0,0,99602886,0,0,108932,107962055,7124290,0.95392411085777
"14",27,3,0,0,0,1724466,0,11993404,2384991,9,0,0,0,4315615,0,89,47178940,10,0,0,17093483,0,0,0,0,1716087,0,7995766,2357178,0,0,0,8,4057642,0,0,48415544,0,0,0,16705294,78,0,0,0,1695001,0,8977966,2245364,0,0,0,0,3340895,0,0,39574471,0,0,0,18861151,0,0.868799332762137
"14",28,3,3689969,0,0,0,0,0,0,0,6,0,0,3158594,0,0,0,0,0,0,0,0,3939319,108,0,0,0,0,7,6,0,0,97,3536427,0,0,0,0,6,0,0,0,3885103,0,0,0,0,0,0,0,0,0,0,3476774,0,0,0,0,0,0,0,0,0.868799332762137
"15",29,3,9,0,0,83173623,5,0,0,0,0,0,0,0,0,0,0,0,0,0,89843237,0,0,0,0,62283663,0,0,0,0,0,0,0,0,0,0,0,0,0,0,72300224,0,0,0,9,60451905,0,0,0,0,0,108,0,0,0,0,0,0,0,0,63356110,2,0.383075009100139
"15",30,3,0,0,9,0,0,0,0,0,273923,0,0,4967575,0,0,0,0,0,0,17326288,0,0,10,0,6,0,0,0,7,237508,0,0,5992180,0,0,0,0,0,0,16613789,0,0,0,0,3,0,0,0,0,52255,0,0,1111595,0,0,0,0,0,0,4158265,0,0.383075009100139
"16",31,3,0,1234627,7,0,0,57534649,0,0,4366094,0,0,0,0,16449732,0,0,0,11905818,0,0,0,2066882,0,0,0,93440146,0,0,7444369,0,0,0,95,36595590,0,7,0,22289364,0,0,0,1918928,0,0,0,70212825,0,0,7590895,107,0,0,0,29860142,98,0,0,18853502,0,0,0.797819806961343
"16",32,3,0,0,0,0,0,0,0,0,0,0,3,32268709,0,0,0,0,0,10538072,0,7,0,0,0,0,0,0,3,0,0,0,0,16231969,0,0,0,0,0,6815813,0,0,0,6,0,0,0,0,0,0,0,0,0,12728019,0,0,0,0,0,4083559,0,0,0.797819806961343
"17",33,3,0,0,0,0,0,0,0,0,0,110,0,0,0,0,0,0,3172720,0,14008975,0,0,0,0,0,0,0,0,0,0,0,5,0,0,0,0,3,5048262,0,29420966,0,0,0,0,0,0,0,0,0,0,8,0,0,0,0,0,0,13314784,0,0,0,0.0883722845464945
"17",34,3,0,0,0,0,0,0,0,0,15158437,0,0,0,0,0,0,0,0,0,0,0,0,0,0,0,0,0,0,0,4980720,0,99,0,0,0,0,0,0,0,0,0,0,0,0,0,0,0,0,0,5157276,4,0,8,0,0,0,0,0,0,0,0,0.0883722845464945
"18",35,3,6611912,8,0,0,16091336,0,0,0,0,0,0,5,0,0,2297751,0,0,0,0,0,2584020,0,0,0,6120866,0,0,0,0,0,0,0,0,0,940086,0,0,0,0,0,509693,0,0,0,1008634,0,0,0,0,0,104,0,0,0,175004,14,0,14,0,80,0.0478810805361718
"18",36,3,1650003,0,0,0,4,0,0,0,6,0,109,0,0,0,0,0,0,1238068,0,0,0,0,0,0,0,0,0,0,0,0,0,0,0,0,0,0,102,4183330,0,0,0,0,0,0,8,0,0,0,0,6,5,0,0,6,0,0,0,2671591,0,0,0.0478810805361718
"19",37,3,4,0,0,0,1682712,0,0,0,0,12938093,0,0,0,82,0,0,5,0,6,13601750,0,0,0,0,1433227,0,0,0,0,10759180,0,6,0,0,0,0,4,0,0,14382088,0,0,0,0,1395127,0,7,0,0,13695664,0,0,0,0,0,0,4,0,0,13813381,0.0230139340274036
"19",38,3,0,6,11,6,0,0,7,0,0,18357498,0,0,0,0,0,7,0,0,13,0,0,4,0,0,0,10,0,0,0,145629526,0,0,0,0,0,0,5,0,0,0,0,0,0,0,0,0,97,0,0,6905919,0,0,0,0,0,0,0,4,0,0,0.0230139340274036
"20",39,3,0,0,0,3,2628129,0,2125694,0,0,6,0,0,0,0,0,0,0,1844106,0,591454,0,7,0,0,9419245,0,9953036,0,0,0,0,0,0,0,0,0,0,7320552,0,2147609,0,0,6,0,628545,0,600857,0,8,0,0,0,0,0,0,0,0,355170,0,142966,0.330401390790939
"20",40,3,0,0,0,0,0,0,0,0,0,2,0,6549317,0,0,0,4,0,17281890,82909075,0,0,0,0,0,0,0,0,0,0,0,0,2594841,0,1492586,0,0,0,7500051,34057012,0,0,0,0,0,122,0,0,0,5,0,0,3201436,0,2295430,0,0,0,7683425,37738800,0,0.330401390790939
"21",41,3,0,0,0,2539880,99,0,0,0,0,5,0,2374362,0,0,0,0,0,0,0,0,10,0,4,1005718,0,0,0,3,0,0,0,781731,0,0,0,0,0,0,0,0,0,0,0,9693704,84,0,0,0,0,0,0,7842376,0,0,4,0,0,0,0,0,0.0139329803641886
"21",42,3,0,0,0,0,0,0,3932404,0,5454224,11,0,7,0,0,0,0,0,0,0,0,0,0,0,0,0,0,1193184,4,1171199,0,0,8,0,0,0,6,0,0,0,4,0,0,0,0,0,0,5867430,0,5364816,0,0,0,4,0,0,0,0,0,0,0,0.0139329803641886
"22",43,3,0,12,0,0,0,0,0,0,7,0,0,0,8,0,13133849,0,0,0,0,0,0,5,0,0,0,0,3,0,0,0,0,0,0,0,8284288,0,0,0,0,0,0,0,5,0,0,0,0,0,0,0,85,0,5,0,44509427,0,0,0,0,0,0.111119626089931
"22",44,3,30193475,0,0,0,0,0,0,13458453,0,0,0,6425218,0,0,0,0,0,0,0,0,10422312,0,0,0,0,0,6,4040225,0,0,0,1968053,0,0,0,0,0,0,0,0,7218605,3,0,6,0,0,0,2386131,0,0,0,1314013,0,0,0,6,0,0,0,9,0.111119626089931
"23",45,3,4,0,0,0,0,0,0,0,10,109,0,240321521,0,0,305348750,0,0,0,220885592,41667517,0,0,0,0,0,0,0,0,0,0,0,48880192,0,0,67907126,0,0,0,41059436,7808526,0,7,0,0,0,0,0,0,0,103,0,12718064,90,0,14217449,0,0,0,8759058,2092421,0.954808653099462
"23",46,3,0,0,0,0,0,0,0,5,0,0,0,30823677,0,0,0,0,0,0,6,0,0,0,0,0,0,8,0,0,0,0,0,27889802,0,44842844,0,0,0,0,0,0,0,0,0,0,0,0,0,0,0,0,0,9078766,0,13649947,0,0,5,7,0,13,0.954808653099462
"24",47,3,0,0,0,0,2062227,0,23297624,0,0,0,17681823,5301538,0,0,12529301,1118561,0,0,62985955,0,0,3,0,0,1084893,0,10705935,6,0,0,6063506,2473130,0,0,7087016,579400,0,0,29993252,0,0,0,0,7,506661,0,5553283,0,0,0,4091274,0,0,0,2902513,280220,0,0,15299007,0,0.719130499986932
"24",48,3,0,0,5,97882426,0,0,80294455,144990637,0,77259630,0,0,7,0,0,0,0,0,0,0,0,0,0,113677287,0,0,78591478,154211988,0,92205301,11,0,0,0,0,0,0,0,0,0,0,0,0,39682914,0,0,26853736,49434866,0,30396079,0,0,0,5,0,0,0,0,0,0,0.719130499986932
"25",49,3,0,0,0,0,6,0,0,0,0,10,0,8093482,0,0,0,0,0,4,0,7,0,11,0,0,0,0,0,0,0,0,0,0,0,0,0,0,0,0,0,0,0,9,0,0,0,0,0,0,0,0,4,2500604,0,0,0,0,0,0,0,0,0.415545224444941
"25",50,3,0,0,0,6,0,0,0,9,18,3,15,14714898,3,0,0,0,6,19718166,0,0,0,0,7,0,0,0,0,0,0,0,0,2191732,0,0,0,0,0,3037764,0,0,0,0,0,0,0,6,0,0,0,0,0,13441594,0,0,0,0,0,22440626,0,0,0.415545224444941
"26",51,3,0,0,0,0,0,0,3162267,0,0,0,2,1854606,0,0,0,0,0,0,3572337,144095,0,0,0,0,0,0,31970638,0,8,0,101,16925614,0,4,0,0,0,0,33869014,1707596,0,0,0,0,0,0,9163887,0,0,0,0,4490100,9,0,0,0,0,0,12419303,467308,0.991687846137211
"26",52,3,0,0,8,9,0,0,26444300,807385,0,0,0,15227805,0,0,0,0,0,0,5,0,107,0,0,0,0,0,122057664,3104461,93,0,0,47027012,0,0,0,0,3,0,0,0,0,0,0,0,0,0,19917243,627828,0,0,77,9032915,0,0,0,0,0,0,0,0,0.991687846137211
"27",53,3,0,0,0,0,0,5,0,0,0,0,0,3408941,0,0,0,0,0,0,0,2160229,0,2,5,0,0,0,0,9,0,0,0,6216616,1,0,0,0,0,2098013,0,4124220,0,0,0,0,0,0,0,0,3,0,0,4828742,0,0,0,0,0,1952285,0,3127624,0.240392637206241
"27",54,3,0,0,0,0,0,0,0,6545608,0,0,0,0,0,0,0,0,5991616,0,0,0,4,0,0,0,0,0,6064613,5029382,0,0,77,0,0,0,0,0,5904020,0,0,0,0,0,0,0,0,0,20603703,0,102,0,0,0,0,0,0,0,22777920,0,0,0,0.240392637206241
"28",55,3,0,0,0,7544101,0,0,0,0,0,0,0,3,0,0,0,92,0,0,0,0,0,0,0,10984230,0,0,9,0,0,0,0,0,0,0,0,0,0,0,0,0,0,0,0,684695,0,0,0,0,0,13,0,0,0,0,97,0,0,0,0,0,0.786145129241049
"28",56,3,0,0,0,3201260,0,0,1762172,98,0,0,0,2823070,0,1469688,0,0,0,0,0,0,0,0,0,53298814,0,0,26497329,2,0,0,0,32492823,0,26779684,0,0,0,0,0,0,0,0,0,2583538,0,0,1410620,0,0,0,0,2123826,0,1349632,0,0,7,0,0,0,0.786145129241049
"29",57,3,106,0,0,0,2688402,1397525,0,0,1365337,0,0,750065,0,0,0,7,850486,1307689,0,0,0,1,0,0,7364763,3466016,0,0,3581639,0,0,2127439,0,0,3,0,2170562,2840279,0,6,0,0,0,0,1930277,896086,0,0,1363382,0,0,580861,0,0,0,0,0,1218309,0,0,0.174146846635267
"29",58,3,0,0,0,0,0,0,0,0,0,0,890453,0,0,0,3,0,0,5952231,0,0,0,0,0,0,0,0,0,0,0,0,971496,3046365,0,0,0,5,101,6268115,0,8,0,0,0,0,0,3,0,0,0,0,358920,1759827,0,0,0,0,2,3170602,0,0,0.174146846635267
"30",59,3,0,8,0,0,0,0,0,0,0,0,0,0,19,36492754,0,0,0,5,4,0,0,0,5,0,114,0,0,0,0,0,0,0,0,1627826,0,0,0,0,0,0,0,0,0,0,0,4,0,0,0,0,0,0,6,35853022,0,0,0,0,0,0,0.415064508095384
"30",60,3,0,2,0,0,0,6,0,0,0,3,0,0,0,9,0,0,0,9891550,50067402,0,0,0,0,0,0,0,0,0,0,0,0,0,0,0,0,8,0,15327707,94765792,0,0,0,0,0,0,0,4,0,0,0,0,0,0,0,0,0,0,10254940,62083754,0,0.415064508095384
"31",61,3,2,0,6,0,0,4,0,0,0,0,0,11404566,0,47036294,0,0,0,0,96,0,0,0,0,0,0,0,0,0,10,0,0,2368194,2,11602719,0,0,0,0,0,0,10,0,0,0,0,0,0,0,0,101,0,2664680,6,14015809,0,0,13,0,1,0,0.918932112632319
"31",62,3,36709578,0,0,0,1506555,108,5127597,0,0,2941416,8,8,0,0,0,0,0,0,23806531,0,7,0,0,0,1969958,0,6628217,0,0,4505821,0,0,93,0,0,0,0,0,23999863,0,31092075,0,8,0,1507619,0,4456252,4,0,2737484,0,0,0,0,0,0,0,0,21410561,0,0.918932112632319
"32",63,3,0,0,0,0,0,0,0,0,6,0,0,0,400939,0,2305408,883289,0,3330656,11,5,0,0,6,0,6,0,0,0,0,0,10,0,563681,0,3987702,1195235,0,4811088,0,0,0,3,0,0,0,5,0,0,6,3,0,0,780527,0,4947351,1604819,0,6245769,0,0,0.710773705504835
"32",64,3,0,0,17314553,0,0,3,0,8,0,0,0,0,4,0,12204122,5,0,0,54100425,0,0,0,20728393,0,0,0,0,0,0,0,0,0,0,0,13830413,0,0,0,53663283,0,0,0,7261828,0,0,0,0,0,0,0,0,0,0,0,3948897,0,0,0,21367137,0,0.710773705504835
"33",65,3,0,0,94,0,0,0,5,0,0,0,0,15124869,0,0,0,1,91,0,0,5,0,0,8,0,0,6,8,0,0,0,5,8320064,0,0,0,0,0,0,6,0,0,0,0,0,0,0,0,0,99,0,0,20065296,8,0,2,0,6,0,0,0,0.786689741769806
"33",66,3,0,0,0,1470065,398114,0,0,4445990,52667,0,0,1824821,0,1823825,0,0,8,3480640,3039016,0,0,0,0,25089267,3917734,0,0,49845785,679059,0,0,23225323,0,26132451,0,85,0,38593366,30843335,0,0,0,0,4594777,786249,0,0,10569927,159895,0,0,4954077,0,5230580,0,0,0,8797416,7551428,0,0.786689741769806
"34",67,3,0,0,0,9019730,0,0,0,0,0,0,10,5883047,0,19928317,0,0,0,0,43969145,0,0,0,0,17581969,0,0,0,0,0,0,0,12521210,7,32326420,0,0,0,0,66108476,0,0,6,3,3320778,0,0,0,0,0,9,0,1791004,0,0,0,0,0,0,14151963,0,0.519952768459916
"34",68,3,0,0,0,0,0,0,0,0,0,0,0,31996375,0,67254823,0,0,0,0,396409643,0,0,0,5,1,0,0,0,0,0,0,0,2496502,0,6177770,0,0,0,0,29710405,0,0,0,0,0,0,0,0,0,0,0,0,8336212,0,22496382,0,14,0,6,99572485,5,0.519952768459916
"35",69,3,0,0,8427417,0,85,0,0,0,675191,0,0,0,0,0,56276276,0,0,0,22131323,0,7,0,7680908,0,0,0,0,0,779024,0,0,0,7,0,47316353,0,0,0,30004180,0,8,4,3724372,0,0,0,0,0,340306,0,0,0,0,6,24963725,0,0,0,11460724,0,0.875950545072556
"35",70,3,0,0,0,0,0,0,0,0,0,1,0,2041822,188870,347181,2148750,0,0,97,6,0,2,0,0,2387491,0,0,0,0,0,0,0,17654457,1819368,2433103,15464913,8,0,0,0,0,0,0,0,1368369,0,0,0,0,0,0,0,9116770,0,1490967,7819617,0,0,0,0,0,0.875950545072556
"36",71,3,0,0,0,1175464,0,0,0,0,0,0,0,2029697,0,0,0,0,0,0,0,0,0,0,0,386104,0,0,0,0,0,0,0,870578,0,0,0,0,0,0,0,0,0,0,0,0,0,4,0,83,0,0,0,3672702,0,0,0,5,0,3,0,0,0.573506600921974
"36",72,3,0,0,0,0,0,0,577427,2,0,0,0,0,0,0,0,0,0,0,0,0,0,0,0,0,0,0,7843641,0,0,0,5,0,0,0,0,0,0,0,0,0,0,0,0,94,0,0,2072519,6,0,0,0,0,0,0,0,0,0,0,0,0,0.573506600921974
"37",73,3,1713746,0,0,0,441147,0,0,2,169727,0,0,2482924,0,0,1439409,0,0,0,0,0,7105826,0,0,4,2242699,0,0,0,979750,0,8,13226153,0,6,0,3,0,0,0,0,1963252,0,0,0,604809,1,0,0,298754,0,0,3834021,0,0,0,9,9,0,0,1,0.599273137981072
"37",74,3,0,0,0,0,0,6784228,0,0,93,3228095,0,0,0,102,8704294,0,0,1,0,6,0,0,0,0,0,3923230,0,0,0,1419192,0,0,0,0,5403426,0,0,0,0,6,0,0,0,0,0,3007770,6,0,0,1062588,0,6,0,0,0,0,0,0,0,0,0.599273137981072
"38",75,3,0,0,0,853937,0,3363303,0,1281887,0,0,0,1877538,0,0,3388484,0,0,1052096,0,0,0,101,0,0,100,2588588,0,745681,0,0,7,1580076,0,0,0,0,0,973491,0,11,0,0,0,1600234,0,5130659,0,2077313,5,0,0,2701993,0,0,7882689,0,0,2230602,0,0,0.839948248118162
"38",76,3,0,646932,0,0,0,92,0,0,2451304,0,9,11506631,0,0,0,0,0,7564396,0,0,0,471259,8,0,0,0,0,0,1282404,0,0,5517376,0,0,3,0,0,3713284,0,0,0,2458700,0,0,0,0,0,0,5750620,0,0,34921299,0,0,0,0,0,19466941,0,0,0.839948248118162
"39",77,3,0,0,0,0,0,0,0,0,95,10684369,0,35393617,0,0,0,0,0,0,45876227,0,0,6,0,0,0,0,122,0,0,12202704,0,48644672,0,0,0,0,0,0,42350609,0,0,0,0,0,5,5,0,0,0,4617067,0,18043514,0,0,0,0,0,0,20479687,0,0.548173839692026
"39",78,3,0,0,0,0,0,0,10,5603597,2807719,2804737,0,0,0,85,0,0,4897840,6861387,0,0,0,0,0,0,5,0,0,3214218,1505878,1499199,0,0,0,0,0,0,1845749,2596723,0,5,0,0,0,6,0,0,0,3228091,1474494,2214977,0,0,5,0,0,0,2242402,3501226,0,0,0.548173839692026
"40",79,3,0,0,0,0,1,0,0,0,10,0,0,0,0,0,96955459,0,0,0,137274464,0,0,0,100,0,0,0,0,0,0,101,0,0,0,0,7051124,5,0,0,6568321,0,0,0,2,0,0,0,0,0,0,0,0,0,0,0,26499917,0,0,0,26309159,0,0.646560929482803
"40",80,3,0,9,0,0,0,0,0,0,0,12,0,1745658,0,0,0,0,0,0,27237263,0,0,0,0,0,0,0,0,0,0,0,0,4898063,0,0,0,0,0,0,111946098,0,0,0,0,0,0,0,0,0,0,0,0,27101815,0,0,93,0,0,0,592411720,12,0.646560929482803
"41",81,3,0,0,4,0,0,3493071,0,0,0,0,0,5,0,0,0,2217694,0,3828316,7,0,0,0,0,0,0,11660344,0,4,0,0,0,0,0,0,0,5239089,0,17901595,0,0,0,0,0,0,0,8017561,0,0,0,7,0,0,0,0,6,2464257,0,9607229,0,0,0.0826902973931283
"41",82,3,0,1096063,0,0,0,0,0,0,0,101,3920354,5,0,0,0,0,0,2851369,5360176,0,0,647730,0,0,0,0,5,0,0,0,2242978,613672,0,0,98,0,6,1908145,3658469,0,0,5601911,0,4,0,0,0,0,0,0,20097286,4491128,0,0,0,0,2,14417338,24147006,0,0.0826902973931283
"42",83,3,0,0,0,0,0,0,0,0,4787291,6981961,0,1896646,0,6,0,0,0,0,0,0,0,0,0,0,100,0,0,0,47786329,69559797,0,18655395,90,0,106,0,0,0,0,0,0,0,0,0,0,0,0,0,15175715,22286691,0,6049494,0,0,0,0,0,8,0,0,0.12972440989688
"42",84,3,7,1298130,0,0,1284450,0,0,0,0,0,0,0,0,0,91,0,0,0,0,0,0,1434163,0,0,1580055,5,0,0,0,0,0,0,0,0,0,0,0,0,0,0,0,0,0,0,296312,0,0,0,0,0,0,0,0,0,0,0,0,89,0,0,0.12972440989688
"43",85,3,0,0,0,0,0,0,0,0,0,0,7,35779485,0,0,0,0,0,2908336,445967511,0,0,0,0,0,0,0,0,0,0,0,0,1795116,0,96,3,0,0,117666,22755900,5,0,0,0,0,0,0,0,0,0,0,0,15564259,6,0,0,0,0,1276633,257268308,0,0.98974527255632
"43",86,3,4,0,0,0,0,0,0,0,0,0,0,6963605,474090,0,0,0,0,23534815,65937048,0,6,0,0,0,0,0,0,0,0,0,0,8969029,761062,2,0,0,0,41027937,91892552,0,0,7,0,0,0,0,0,0,0,0,0,12752304,1023008,0,0,0,0,38458642,154762537,0,0.98974527255632
"44",87,3,0,96,0,6,0,0,0,0,0,0,0,3191805,0,5,0,0,6,3018965,0,0,0,0,0,0,0,0,0,0,0,0,0,10127069,0,0,0,0,0,11335207,0,0,0,0,0,0,0,0,0,0,0,0,0,2262124,0,0,0,0,0,2025542,0,0,0.916439952561632
"44",88,3,0,11,0,16914678,0,0,168549196,0,0,0,0,271137272,0,98868892,0,0,0,154151213,1252212473,0,0,0,0,715596,0,0,7212494,0,0,0,0,14759811,0,4504791,0,0,0,6533156,51229783,0,8,5,0,703934,0,0,9220992,0,0,0,0,19023595,0,4589061,0,0,0,6423752,56890943,0,0.916439952561632
"45",89,3,0,0,0,0,0,0,0,0,0,0,0,63396413,0,0,0,0,0,23205883,0,0,0,0,0,0,0,0,0,8,0,0,0,134399310,14,0,8,0,0,59968886,0,0,0,0,0,0,0,0,0,0,0,2,0,70408910,0,0,0,0,0,0,11,0,0.736047690501437
"45",90,3,0,0,3,0,0,20509925,0,0,0,0,0,11439907,0,2,35209995,0,0,0,12,4209416,0,0,0,0,0,3327308,0,0,0,0,0,2209723,0,0,7216291,0,0,0,0,867100,0,0,3,0,0,21464964,9,0,0,0,0,13615968,0,0,46542480,6,0,0,7,5660730,0.736047690501437
"46",91,3,0,9228410,0,0,0,32306388,0,2898990,0,8162117,0,0,2,0,0,0,100,0,63454507,0,0,9278477,0,107,2,39417965,6,4182768,0,9871520,5,0,0,7,0,0,0,0,84805249,0,0,396188,0,7,112,1714654,0,160660,0,494522,0,0,0,5,0,0,0,0,3507214,5,0.590022216318175
"46",92,3,0,0,85,17,0,0,0,0,0,4930701,23934092,8,0,0,0,0,0,6,6187893,0,96,0,8,0,0,0,0,0,0,31259232,163556110,0,0,0,0,0,0,0,30258566,0,0,0,0,0,0,0,0,0,9,9200935,54744713,0,0,0,9,0,0,0,9621763,0,0.590022216318175
"47",93,3,0,0,0,15645422,0,0,0,0,1773678,0,0,8658046,0,0,0,8,0,0,0,0,0,0,0,5332985,0,0,0,0,829811,0,0,2287800,0,0,0,0,0,0,0,0,5,0,0,11651770,0,0,0,0,2535633,8,0,8023024,0,0,94,0,0,0,0,0,0.247711834264919
"47",94,3,0,0,0,56344000,0,0,10,1,6335990,0,7,0,0,0,70277577,3514438,0,0,170828622,0,0,0,0,14929384,0,0,0,0,1964383,0,0,0,0,0,20819424,1041113,0,0,56370521,4,0,0,0,11475791,0,0,0,0,1596291,0,0,0,0,0,19761140,835787,0,0,41821269,0,0.247711834264919
"48",95,3,0,6,0,0,0,0,7,4775813,0,0,0,0,6083061,0,0,0,0,0,0,0,0,0,0,0,0,0,89,0,0,0,0,0,2397312,0,12,4,0,0,0,0,0,0,0,0,6,0,0,5189191,0,0,0,0,5890442,0,0,0,5,0,0,0,0.581481401342899
"48",96,3,0,0,0,0,0,0,7183071,7,0,0,0,0,0,0,0,0,0,0,0,6,0,0,0,0,0,0,11959253,0,0,98,0,0,0,0,0,0,0,0,0,0,0,0,0,0,0,0,4651027,0,0,0,0,10,0,0,0,0,0,6,0,0,0.581481401342899
"49",97,3,0,0,0,0,0,0,101,0,0,0,0,0,0,0,0,9,0,4975371,0,0,0,0,0,0,0,0,0,0,0,0,0,0,0,0,0,0,0,5981946,0,0,0,0,0,2,0,0,0,0,0,0,0,0,0,0,0,0,0,511986,0,0,0.239668340422213
"49",98,3,0,0,0,0,3515208,0,0,0,6,2484520,0,2307922,2749925,0,3252374,0,2553826,0,0,96,0,0,0,0,16214332,0,5,0,4,9598116,104,8485196,9650246,128,9693664,122,8547808,11875008,0,0,0,0,0,0,1126309,0,0,0,0,916624,0,898737,748456,0,1480001,0,934096,1239927,0,0,0.239668340422213
"50",99,3,0,0,0,0,0,2,0,0,0,0,1149888,1828116,0,0,18497709,0,0,0,29555060,0,0,0,0,0,0,4,0,0,0,0,1835252,2663102,8,0,21473225,0,0,0,30864473,0,0,0,0,0,8,0,2,4,0,0,6858305,9168627,0,0,105435838,0,0,0,122559223,0,0.654043787159026
"50",100,3,0,0,0,3125068,0,0,4419079,0,0,0,0,1189102,0,1387331,0,0,0,0,0,0,0,0,0,7141349,9,0,9282787,0,0,0,0,2273485,0,2841907,0,0,0,0,0,0,0,0,0,10461534,0,107,16032244,0,0,0,6,3847345,0,5519395,0,0,0,0,0,3,0.654043787159026
"51",101,3,0,0,0,4,0,0,0,0,0,0,0,42476458,0,0,3,0,1942909,0,80,0,0,0,0,9,0,0,0,0,0,0,0,9331549,0,100,0,0,372927,0,0,0,0,0,0,85,0,0,0,0,0,0,4,25781912,0,99,0,0,1417683,0,4,3,0.798937926301733
"51",102,3,0,0,0,0,4,5,0,0,8,0,0,23445048,0,0,0,101,0,4073169,0,0,0,0,0,0,0,0,0,0,0,0,0,3718207,0,107,0,0,0,462581,0,561277,0,0,0,0,3,0,0,0,87,0,0,17732684,0,0,0,0,0,2411948,0,3001726,0.798937926301733
"52",103,3,0,0,0,0,0,0,0,0,0,0,0,853298,0,0,0,0,0,0,99,5,0,2,8,0,0,0,0,0,0,5,0,6128770,0,0,0,0,0,0,0,6,0,0,0,0,4,0,0,0,0,0,0,3008761,5,5,0,101,0,0,0,0,0.798570240614936
"52",104,3,0,0,0,0,0,0,3849307,0,0,2344603,10,3119562,0,0,0,0,0,0,0,7,0,0,0,0,0,0,12177853,0,0,7198746,0,8431501,0,0,0,0,0,0,0,9,0,5,0,0,0,0,545386,0,0,291409,0,396623,0,7,0,0,2,0,0,0,0.798570240614936
"53",105,3,0,12,0,0,0,0,73584954,5,678585,0,9,22174248,0,0,0,0,0,0,128690557,0,0,0,0,0,0,91,74034119,0,597695,0,0,15960497,0,0,0,0,0,9,90147823,0,0,0,0,0,0,0,24120949,0,249244,0,5,6642296,0,0,0,0,0,0,38803081,0,0.878346104640514
"53",106,3,1883422,109,0,7088963,0,0,0,0,0,0,0,6175129,0,0,0,2303486,2,0,0,0,2632617,0,0,8161784,0,0,0,2149464,0,0,0,5147548,0,4,0,2113209,0,0,0,0,2744017,7,0,12076342,7,0,0,3246564,0,0,0,8964091,0,0,0,3772155,0,0,0,10,0.878346104640514
"54",107,3,97,0,0,0,4394817,0,119,0,1821073,0,7,14478737,0,116,0,6,0,27763232,0,0,0,0,0,9,6192675,0,0,0,3869510,0,0,29705408,0,0,0,0,0,0,0,0,0,0,0,0,1063040,0,0,0,544564,0,0,4576673,0,0,0,0,0,8462701,3,0,0.520888419123366
"54",108,3,0,0,0,3,0,0,0,0,0,0,4,5150426,0,0,0,0,0,0,0,0,0,0,0,0,0,0,0,0,0,0,0,8705319,0,0,0,12,0,0,0,0,0,0,96,0,0,0,0,0,0,0,0,5987832,0,0,0,0,0,0,0,0,0.520888419123366
"55",109,3,3,0,0,0,0,0,0,0,0,1590611,0,403738,0,0,0,0,0,2420858,0,0,0,0,0,0,7,0,0,0,0,26902024,0,4755551,2,0,0,0,0,30992538,0,0,0,4,0,0,0,0,0,5,0,7340481,0,1312681,0,6,0,0,0,8104757,0,0,0.125883381115273
"55",110,3,0,0,0,0,0,30145519,0,0,0,0,0,0,2592651,0,0,0,2840602,0,0,0,0,0,0,0,0,17243982,0,0,0,89,12,0,1815227,0,0,0,1519303,0,0,0,0,7,0,4,0,17210842,0,0,0,0,0,0,1821138,0,0,0,1492639,0,0,0,0.125883381115273
"56",111,3,0,0,0,0,6,0,0,0,0,0,0,0,0,0,0,0,0,7,0,0,5,0,0,0,0,0,0,107,0,0,0,0,5,0,5,0,0,0,0,0,0,5,5,0,0,0,117,0,0,0,0,0,0,0,0,0,3,0,6,0,0.00705321878194809
"56",112,3,9749139,0,0,0,0,0,0,0,0,13783204,0,2922992,0,0,0,0,9,0,0,3104809,967093,0,0,7,0,0,0,0,5,852189,0,255635,0,0,0,0,7,0,0,245457,2677213,0,0,0,0,0,0,0,0,3645779,0,635580,0,0,0,4,0,0,0,1015517,0.00705321878194809
"57",113,3,107913108,0,0,0,0,0,0,0,0,0,3,98,0,0,57848612,0,0,0,143388889,0,0,0,0,5,0,0,0,0,0,0,0,13,0,0,24268514,3,10,0,59031480,0,305770119,98,0,0,0,0,0,0,0,8,0,0,0,4,148161740,112,0,0,0,0,0.970961457118392
"57",114,3,48426528,3,0,0,0,0,0,0,0,0,0,0,0,32292032,0,0,0,20863096,0,0,6603371,0,10,0,0,0,0,0,0,0,6,0,0,8062925,5,101,0,5095736,0,0,23316287,0,79,0,0,0,9,0,0,0,0,0,0,17060460,0,0,0,16082179,0,0,0.970961457118392
"58",115,3,4181731,88,0,11082586,0,0,5310073,0,0,10,0,0,0,0,0,0,0,0,0,8,8129488,0,0,22287930,0,0,14457574,7,0,0,0,0,0,5,0,0,0,0,0,0,3519007,0,0,11188021,0,0,4927746,0,0,0,0,0,0,0,6,0,0,0,0,0,0.50174249522388
"58",116,3,11855569,2373047,0,6,0,11763459,0,0,0,2202464,0,0,0,0,6,0,0,29813160,0,0,16944891,2906869,107,0,98,11900283,0,0,0,2565692,0,0,0,0,4,0,0,36399366,5,0,1644079,306229,0,0,0,1517249,0,0,0,316803,0,0,0,0,0,0,0,4318752,3,0,0.50174249522388
"59",117,3,4556468,7684480,0,0,0,0,4848923,0,0,0,0,4703701,0,0,1,0,14299847,0,3912638,0,9630327,14841478,0,0,0,0,13326898,0,0,0,0,12434839,0,0,0,0,35946179,0,10459867,0,6,34730391,0,0,3,0,28345576,0,0,0,0,24306426,0,0,4,8,65925473,0,17968362,0,0.100031080190092
"59",118,3,0,0,0,12827208,0,0,0,0,0,27610913,0,29467973,0,0,48477921,0,0,0,45710183,0,0,0,0,6087696,3,0,4,9,0,12874612,0,19449414,0,0,24280369,0,0,0,24533434,0,0,0,0,1323283,0,0,2,0,0,2166548,0,3470498,0,0,3660327,0,0,0,4442315,0,0.100031080190092
"60",119,3,8,4442772,0,0,0,0,0,0,0,0,0,6264100,6,0,0,0,0,12740872,0,0,0,5099246,0,0,7,0,0,0,0,9,0,4956638,4,92,0,0,0,13353132,25415910,0,0,773637,0,0,0,0,0,0,0,11,0,1410846,0,5,2,0,0,2585712,4864041,0,0.296552506741136
"60",120,3,0,0,0,0,0,0,8624435,0,0,0,6820535,8740539,0,8188538,0,0,0,0,0,0,0,0,0,5,11,0,2943130,0,0,0,2270927,3128353,0,2449922,0,0,0,0,0,0,0,0,94,0,0,0,4388010,5,0,0,5490902,6845216,0,4920749,0,0,0,0,0,0,0.296552506741136
"61",121,3,0,4,0,178176568,0,0,0,0,0,12195561,0,0,0,0,0,0,0,0,0,0,0,0,0,9317545,0,0,10,0,0,905751,0,0,0,7,0,0,0,0,0,0,0,4,3,8935757,0,0,0,0,0,661463,0,0,0,0,8,0,6,0,0,0,0.364626791095361
"61",122,3,0,162594,0,992094,111219,0,0,0,0,0,0,0,0,0,107,0,0,8,1081356,0,5,1145395,0,4985953,697582,0,0,0,0,0,0,0,0,10,0,0,0,0,6636551,0,0,9378906,0,52468942,7203334,0,0,0,0,0,0,0,0,5,0,0,0,0,59650982,6,0.364626791095361
"62",123,3,0,4,0,0,0,4,0,0,0,0,0,0,0,7,0,0,0,0,0,0,0,0,0,0,0,0,0,0,0,0,0,0,6,0,0,0,0,0,82,0,0,0,8,0,0,0,3,0,0,0,11,0,0,0,0,0,0,0,0,0,0.608440804295242
"62",124,3,9,2217316,0,0,0,99,0,5418644,0,6625415,0,4393532,0,0,0,2,0,0,0,0,0,1374766,0,6,0,0,0,3577329,4,4263275,0,2570841,0,0,0,4,0,0,0,0,0,3823461,0,0,0,0,0,10549145,8,10007331,0,8768565,0,0,0,0,0,0,0,6,0.608440804295242
"63",125,3,0,0,0,0,0,0,29059948,0,0,2908214,0,7416189,0,0,0,0,0,0,0,10,0,0,0,0,0,0,21734573,0,92,2758125,0,5505166,0,0,0,0,0,0,0,0,0,0,0,0,0,0,106237416,0,0,12838872,0,22387542,0,0,0,0,0,0,0,0,0.812766142655164
"63",126,3,1777042,3,0,0,9,0,0,0,100,0,0,9028615,0,4,0,0,0,0,0,0,1283565,0,0,98,0,0,0,0,0,0,0,3710576,6,0,0,0,0,0,0,0,993576,0,0,0,0,0,0,0,98,0,0,4552176,0,0,10,0,97,0,0,0,0.812766142655164
"64",127,3,0,0,14,0,0,0,0,0,0,1730020,0,0,0,0,0,5,0,0,7569383,0,0,0,0,6,0,0,0,0,0,732617,0,0,0,0,0,0,4,0,2814281,4,0,0,0,0,0,0,0,0,0,6646849,0,0,0,0,0,0,0,0,38077653,8,0.261669478844851
"64",128,3,0,0,0,375923,0,0,305836,0,9,0,0,335831,93,0,101,907932,0,0,0,0,0,0,0,11418013,7,0,12009321,0,0,0,0,13816221,0,0,0,29179536,0,0,0,0,0,0,0,6470131,0,0,5366065,0,0,0,0,7280714,0,0,0,12216381,0,0,0,0,0.261669478844851
"65",129,3,0,0,4,0,0,0,4,0,0,0,0,16357319,0,5204528,84272517,0,0,0,115313851,0,9,0,0,0,0,0,0,112,0,0,0,6856110,0,2917295,31900562,0,0,0,46027655,0,0,0,0,0,0,0,0,0,0,0,0,5069546,0,2135448,24813373,0,0,0,41654582,0,0.821193978888914
"65",130,3,0,0,0,0,0,9,927787,0,0,0,0,4465995,0,0,0,0,0,11297080,0,0,0,0,0,0,0,0,122187,0,0,0,0,982182,0,0,0,0,0,1933395,0,0,0,98,0,4,0,0,1969802,12,0,0,0,13624657,0,0,0,0,0,31883982,0,0,0.821193978888914
"66",131,3,0,0,5,0,0,0,0,0,991976,0,0,104,0,0,0,0,0,21380260,288464072,0,0,0,0,0,0,0,0,0,396028,0,0,0,0,0,0,89,0,8283263,85741043,6,3,0,0,0,0,0,0,0,256556,0,0,0,0,0,0,0,0,5795229,68115615,0,0.876287516672164
"66",132,3,0,0,0,0,0,4,0,0,0,0,0,0,0,0,0,0,4,0,397973546,0,4,0,0,0,0,0,0,9,0,0,0,0,0,0,0,0,0,0,279799750,0,0,0,0,0,0,0,0,0,0,0,0,0,0,0,0,0,0,0,9,0,0.876287516672164
"67",133,3,0,0,0,0,2,0,0,0,0,3,0,11224583,107,12354419,14941206,0,0,0,0,0,2,0,0,0,0,0,0,0,0,0,0,15873981,0,16219072,20492318,0,0,8660097,0,0,0,0,0,0,0,0,3,0,0,0,0,12337810,0,13116140,15734392,15,0,6637439,0,0,0.910719367675483
"67",134,3,0,0,97,0,3,0,14449438,0,0,0,0,15429296,0,0,0,0,0,0,0,0,0,5,0,0,0,6,2900981,0,0,0,0,5054204,0,0,0,0,1,0,0,0,0,0,0,0,0,0,4690109,0,0,99,0,4527221,0,0,0,0,0,0,0,0,0.910719367675483
"68",135,3,341707,0,0,332443,0,551425,0,0,0,0,0,0,0,0,0,0,0,0,0,0,7193417,0,0,7899893,0,13429361,0,0,0,3,0,0,0,0,0,0,0,0,0,0,2350431,0,0,2281880,0,3623613,0,0,0,0,5,5,0,0,0,8,0,0,0,0,0.017880154075101
"68",136,3,3159605,3,0,0,0,0,0,111,0,11036527,0,0,0,4939405,0,0,0,0,0,0,487623,0,112,0,0,0,0,0,0,0,0,0,0,654512,6,0,0,0,0,0,11418111,0,0,0,0,0,104,0,0,38349395,0,0,0,17448927,0,0,0,0,6,0,0.017880154075101
"69",137,3,0,0,0,0,0,0,4573014,0,0,0,93,5333864,9,0,0,0,0,679088,44000124,0,0,4,0,0,0,0,14685626,0,0,0,0,14933063,0,0,0,0,0,1537320,133101752,0,0,0,0,0,0,4,3825400,0,0,0,0,4908141,10,0,0,0,3,396650,34495459,0,0.70097420620732
"69",138,3,0,0,0,0,0,0,0,9783896,0,0,0,6423373,683676,0,0,0,0,0,4,0,0,0,0,0,0,0,0,71808113,0,0,0,36926661,4319045,0,0,0,0,0,0,0,0,0,0,0,0,0,0,4991243,90,0,0,2894286,0,0,0,0,7,0,0,0,0.70097420620732
"70",139,3,0,0,0,0,5,0,2506887,0,0,0,0,2610782,969223,0,11204084,0,1,0,7,0,0,0,0,0,0,89,3720410,0,0,0,0,4483483,1365754,0,18546224,6,0,0,6,4,0,0,0,0,0,7,344613,9,0,0,0,481715,146267,0,1854263,10,7,0,0,0,0.484193545999005
"70",140,3,0,0,0,2078137,0,0,1606186,0,0,7,0,5838907,0,0,0,0,0,0,11574470,1628635,0,0,0,7233237,0,0,4064346,0,0,0,0,16526007,0,0,8,0,0,51767620,35331452,5108758,0,0,0,3179302,0,0,2095130,0,0,0,0,7544535,0,0,0,0,0,24775179,16632833,2788124,0.484193545999005
"71",141,3,0,0,0,32618247,0,0,0,0,7046854,3859850,0,19918376,0,0,14,0,0,10468027,0,0,0,0,0,13111371,0,0,0,0,4137459,2049989,0,0,0,0,0,0,0,4558979,6,0,0,0,0,3356502,0,0,0,0,0,578336,0,2630406,0,0,0,0,0,1640377,0,0,0.384499575011432
"71",142,3,2693947,0,0,14,0,0,0,0,701606,0,0,1808588,2361431,4,0,2691338,0,0,2713067,0,2563260,0,0,0,0,0,11,0,563303,0,0,1600744,2099378,0,0,2435871,0,0,1921487,6,974777,0,4,0,0,0,0,0,2,0,0,606140,768295,0,0,901686,0,0,753860,0,0.384499575011432
"72",143,3,0,0,0,0,0,0,5143143,0,0,0,0,1139331,0,0,6727160,0,0,0,22145123,0,0,0,0,0,0,0,600242,0,0,0,0,181113,0,0,945031,6,0,0,2780982,0,0,0,11,0,0,4,1576717,0,0,0,0,492089,5,5,2845421,0,0,111,9168911,6,0.10694382362999
"72",144,3,0,0,0,0,0,0,0,4,0,0,0,0,0,14,0,0,0,0,0,0,0,0,0,0,0,4,0,0,0,0,0,0,0,0,0,0,0,0,0,0,0,0,0,0,0,4,0,0,0,0,0,0,8,0,0,0,0,0,0,0,0.10694382362999
"73",145,3,0,4874883,0,4622933,0,0,0,3,0,0,0,15134895,0,0,106,0,0,0,0,0,0,518535,0,292250,0,0,0,0,0,0,0,1331206,0,0,0,1817106,0,0,0,0,0,35455369,0,32219257,0,0,0,0,5,0,0,131782813,6,0,0,168329643,0,0,0,0,0.629259672481567
"73",146,3,0,0,0,7,0,0,0,0,0,0,0,0,0,0,0,0,7,0,0,0,0,0,0,0,0,0,0,0,0,0,0,0,0,0,0,0,0,0,0,0,0,0,0,0,0,0,0,0,0,0,0,0,0,0,0,0,0,0,0,0,0.629259672481567
"74",147,3,0,0,9,8,0,0,0,0,0,0,0,0,0,0,0,0,4,9185664,0,0,0,0,0,0,0,0,0,0,8,0,0,0,5,0,0,0,0,2970834,0,0,0,0,0,0,0,0,0,0,0,0,0,0,0,0,0,15,0,7320310,0,0,0.63505099946633
"74",148,3,0,3,0,0,0,8,0,0,0,0,0,0,7,0,0,0,0,0,0,0,0,3,6,0,3,0,7,4,0,53214860,0,0,0,0,0,0,9,0,0,0,0,0,0,0,0,0,0,0,107,1053172,0,0,0,0,7,0,0,0,0,0,0.63505099946633
"75",149,3,0,0,0,0,0,0,0,8,0,630815,0,2001578,0,0,0,0,0,0,3613992,0,0,0,0,0,0,0,0,0,0,0,0,9966173,0,0,6,0,2,0,20390383,0,0,0,0,0,0,0,0,0,0,24329185,0,86988443,0,0,0,0,0,0,139696673,8,0.84597324160859
"75",150,3,0,0,0,0,5703613,0,0,0,0,0,0,46736995,0,0,0,0,0,0,97273402,0,0,0,0,0,1161534,0,0,0,0,0,0,11071802,0,0,0,0,0,0,17897413,0,0,0,0,0,2921221,0,0,0,0,0,0,24475699,0,0,0,0,0,0,42431643,0,0.84597324160859
"76",151,3,0,0,0,0,0,23099771,15150450,0,0,12074396,0,0,1,0,0,0,0,0,4,0,0,0,0,0,0,14116118,7738322,0,7,7166719,0,0,0,0,4,0,0,0,0,0,10,0,0,0,0,3678703,1893161,0,0,2130457,0,0,0,0,0,0,0,0,9,0,0.0987263470888138
"76",152,3,0,0,0,0,0,0,0,0,0,0,0,5464493,0,0,0,0,0,278395,0,0,0,0,0,0,0,0,0,0,0,0,8,6885722,0,0,0,0,0,323571,0,0,0,0,0,0,0,0,0,0,2,0,0,4204862,0,0,0,0,0,193567,0,0,0.0987263470888138
"77",153,3,0,0,0,0,0,0,4766458,0,2355290,2,0,6,11788569,0,0,0,0,2587390,30371117,0,0,0,0,0,0,0,9573140,0,4832389,0,0,0,24823521,0,0,86,0,4502556,66791779,0,0,0,0,0,0,0,5536219,0,0,0,0,0,13483119,0,0,0,0,3555169,45102210,0,0.0369032851886004
"77",154,3,0,0,0,6,0,0,0,8,0,0,0,0,0,0,0,0,23174366,0,107495584,0,0,0,0,0,0,0,0,1,0,0,0,0,0,0,0,0,17562694,0,89031665,7,0,0,0,6,0,0,0,0,0,5,0,0,0,0,0,0,8760410,0,54361914,0,0.0369032851886004
"78",155,3,38144735,0,0,0,9,0,0,0,0,0,0,3105230,0,7,45732889,0,0,6612847,72524465,0,26810778,0,0,0,0,0,0,0,0,0,0,2021634,0,0,0,0,0,4713032,47352223,0,93464728,5,0,0,0,0,0,0,7,0,0,8366626,0,0,121061015,4,0,17221621,206605227,0,0.865466131828725
"78",156,3,0,0,9389691,0,2,0,0,0,0,0,0,14959788,0,0,36883622,0,0,0,0,0,0,0,0,0,0,1,0,0,0,0,0,15294524,0,0,47181578,0,0,0,0,0,0,0,27751989,0,0,0,0,0,0,0,0,41919180,0,4,106040660,0,0,95,6,0,0.865466131828725
"79",157,3,86566790,0,0,0,0,0,15640311,0,0,8380136,0,0,0,16739962,0,0,0,16796204,71037665,0,24694365,0,0,0,6,0,3699097,0,0,2707479,6,4684288,0,6857370,0,0,0,4674125,23098947,0,64033545,4,0,9,0,0,15470945,0,0,6615163,0,10173474,0,14283410,0,0,0,12945289,69799408,0,0.897171149495989
"79",158,3,0,0,5,0,2848757,6230729,20323627,0,0,0,0,5284468,1,0,25742204,0,0,30936238,11,0,0,0,0,0,1192166,3161056,9186574,0,0,0,12,2012761,105,0,11762908,0,0,12157849,0,0,0,0,0,0,130610,301849,1051190,0,0,0,0,323338,0,0,1344921,0,0,0,0,0,0.897171149495989
"80",159,3,0,0,0,0,0,0,0,0,0,0,0,0,4,17293195,0,0,0,14590686,0,0,0,0,0,0,107,0,0,0,0,0,0,0,0,5659575,6469541,0,0,0,0,10,0,0,0,0,0,0,0,98,0,0,0,0,0,7472377,0,0,0,5143332,0,0,0.721313392044976
"80",160,3,0,0,0,1470598,0,0,2344808,0,0,0,0,997276,7,7108505,10070780,0,0,0,0,0,0,9,0,426723,0,0,768350,5,0,0,0,356586,0,2566698,3927923,0,86,0,0,0,0,0,0,5235325,0,0,9823040,5,0,0,0,4628695,0,28412964,54625151,0,0,0,0,3,0.721313392044976
"81",161,3,0,0,0,0,0,0,0,0,0,0,6,0,0,0,0,0,10,0,340002992,5,0,0,0,9,0,5,0,0,0,0,4,0,0,0,0,0,0,0,10766454,0,0,0,0,0,0,0,2,0,0,3,0,0,0,0,0,0,0,0,93613375,1,0.445344472071156
"81",162,3,0,0,0,0,4906500,40617124,39071158,0,5,0,875519,0,0,0,65720232,0,0,13702503,0,0,0,0,0,0,6137616,37668886,54823365,0,3,5,1606106,0,0,4,63437339,7,0,13760975,0,0,0,0,0,0,2251713,14465184,12395410,0,0,0,435537,8,0,0,20713728,0,0,4554995,0,0,0.445344472071156
"82",163,3,0,80,0,0,0,0,3954552,0,259087,5,0,1187459,0,0,0,0,0,0,0,0,0,0,0,3,0,0,31169423,0,2112110,0,0,6256886,0,0,0,0,0,0,0,0,8,0,5,0,0,0,6131595,0,388988,0,0,1669673,0,4,0,0,0,0,0,0,0.733677269658074
"82",164,3,18395668,0,0,0,0,0,5161055,0,0,0,0,0,0,0,24970409,0,0,0,14692246,0,11917804,3,0,0,0,0,5196275,0,7,0,0,0,0,0,19848425,0,0,0,17022933,0,13278155,0,0,0,0,0,5484627,0,0,0,0,0,0,0,27273348,0,0,0,0,85,0.733677269658074
"83",165,3,0,0,0,0,0,0,4,0,0,0,0,0,0,0,0,0,0,0,1405521,0,0,0,0,0,0,0,0,0,0,4,0,0,0,0,0,0,0,0,12962781,0,0,0,0,0,10,0,15,0,0,0,0,97,0,88,0,0,0,0,6736535,0,0.125025583198294
"83",166,3,0,8,0,15750708,6313708,0,1076699,10,8,0,0,0,0,5766712,0,0,1135292,0,0,0,0,0,0,661078,251107,0,35149,0,0,0,0,0,0,259671,0,0,59795,0,0,0,0,0,0,5172649,2240024,0,315065,0,0,0,0,0,0,2331678,0,0,527931,0,0,0,0.125025583198294
"84",167,3,0,0,0,0,0,0,0,0,0,0,5,58043661,0,0,0,3,7,0,47632451,0,0,90,0,0,0,0,0,5,0,0,0,5298226,0,0,0,0,0,0,0,0,0,4,0,0,0,6,0,0,0,0,0,20234061,0,0,0,0,2,0,29018623,0,0.911427589366212
"84",168,3,0,0,0,0,0,6,0,0,0,0,0,18649618,12080190,0,114604223,0,0,0,0,0,0,0,0,0,0,0,0,0,0,0,0,2557486,1795508,0,18357847,0,0,0,0,0,0,0,0,0,0,0,0,0,0,0,0,3198284,2654283,3,25806444,0,0,0,0,0,0.911427589366212
"85",169,3,40353699,0,0,0,3,55434036,0,2,94,0,0,0,0,0,0,102,0,4539687,0,0,0,0,0,0,5,6591486,0,5,5,0,0,0,0,0,0,0,108,483552,10,0,4033073,0,0,3,0,5317613,0,0,6,0,0,0,0,5,0,0,0,387924,0,9,0.834633784834296
"85",170,3,12476998,0,0,8,0,0,16532119,0,2232630,0,0,0,2273435,9003710,0,0,0,2022458,31281370,0,8313411,0,0,0,0,0,12948411,0,1824356,0,0,0,0,7320115,5,0,0,1957645,19653975,0,30201504,3,0,4,0,0,51449663,0,6404283,0,0,0,6087076,0,0,0,0,6159720,85966469,0,0.834633784834296
"86",171,3,0,0,0,0,0,0,0,0,547947,0,0,0,0,0,15920921,96,0,1358293,0,0,0,0,0,0,0,0,0,0,306191,0,0,0,0,0,7863650,12,0,475357,0,0,0,0,0,0,0,0,0,0,235995,0,0,0,0,98,6748389,0,0,486893,0,0,0.660305556841195
"86",172,3,0,5,0,0,0,0,12,0,0,0,0,0,0,0,0,0,0,0,0,0,0,0,0,0,0,0,0,0,0,0,0,0,0,0,0,0,0,7,0,0,0,0,0,0,0,0,0,0,6,0,0,7,0,0,0,0,0,0,0,0,0.660305556841195
"87",173,3,0,0,0,0,0,0,0,0,848705,0,0,2328986,3795082,0,0,0,0,0,21650062,0,0,0,0,4,1341845,82,0,0,553238,0,0,1772255,2617903,0,5,0,0,0,14066957,0,2,0,0,0,10718923,0,0,9,3470336,0,0,12452701,14345041,0,0,0,0,0,110061470,0,0.585908463457599
"87",174,3,0,0,0,0,0,0,0,103,0,10103167,0,98880285,7898369,0,0,0,0,0,0,0,0,0,0,0,0,0,0,0,0,211919,0,1503425,186522,0,0,0,0,0,0,0,0,0,0,0,0,0,0,0,0,3134485,0,29348639,3447782,0,0,0,5,0,0,0,0.585908463457599
"88",175,3,0,0,7,0,0,3542130,5,0,0,0,0,0,0,12958479,0,0,0,4,0,0,0,0,0,107,0,6808562,0,0,0,0,0,117,0,20148166,0,0,0,0,0,0,3,0,0,0,0,17178432,0,0,0,0,6,0,8,50315823,6,0,0,0,0,0,0.679332020226866
"88",176,3,55273170,0,0,2,9036629,0,68500527,0,0,5195247,6,0,0,0,0,0,0,16847425,0,0,4822516,5,0,0,688916,0,5966208,0,5,367828,11,0,0,0,0,0,0,1565905,0,0,6377732,0,7,0,1145239,0,8414773,0,0,649873,5,0,0,0,0,0,0,2078688,0,0,0.679332020226866
"89",177,3,0,0,0,0,0,0,0,0,0,0,0,0,0,0,0,0,0,0,0,6,0,0,0,94,0,0,0,5,0,0,0,0,0,9,0,0,0,0,0,0,0,0,0,0,0,0,6,0,0,4,0,0,0,122,0,0,0,0,0,0,0.29072592034936
"89",178,3,0,0,0,11618624,0,0,0,0,0,0,0,0,0,0,0,0,0,115,0,0,0,0,0,3507904,0,0,0,0,0,0,0,0,0,0,0,0,0,0,0,0,0,0,0,16660894,0,0,0,0,0,0,0,0,0,0,0,0,0,3,0,0,0.29072592034936
"90",179,3,0,0,0,0,0,0,0,0,0,0,0,0,0,5,45187163,0,0,13650619,0,0,0,0,0,0,0,4,0,7,0,0,0,0,0,0,8753857,4,0,3559839,0,0,0,13,0,0,0,0,0,0,0,0,0,0,0,0,7769523,0,9,2926948,0,0,0.00611067190766335
"90",180,3,0,0,5,0,1935674,0,0,0,3,0,0,0,0,0,0,0,0,1621591,0,0,0,0,0,0,11642985,0,0,0,0,0,0,0,0,106,6,0,0,11144847,0,0,0,0,0,10,15744477,6,0,0,4,0,0,0,0,0,0,0,0,13111787,0,0,0.00611067190766335
"91",181,3,0,0,0,0,4,0,0,0,0,4,0,25445215,0,0,0,7,0,0,0,0,4,0,0,0,105,0,0,0,0,0,0,15888554,0,0,0,0,6,0,3,0,0,0,0,111,0,0,0,0,0,0,0,3298090,0,0,0,0,0,0,0,5,0.799601924372837
"91",182,3,0,0,0,0,0,0,0,0,0,0,0,0,0,0,0,0,0,0,0,0,0,0,0,0,0,0,0,0,0,8,0,0,0,0,0,0,9,0,0,0,0,0,0,0,0,0,0,4,0,1374877,0,0,0,0,0,0,0,0,0,0,0.799601924372837
"92",183,3,0,5,0,0,4934454,67711155,38989830,0,0,0,0,0,0,0,0,0,2588221,0,31129099,4977832,3,0,0,0,6714340,70510911,44984442,0,0,0,0,0,0,0,0,0,3808150,18173974,40328259,5117244,0,13,0,0,0,73066941,34533126,0,0,0,0,0,0,0,0,2,2255653,15900193,24390331,4172716,0.76256718672812
"92",184,3,0,0,0,0,2844397,0,0,0,0,0,4,0,3448098,0,0,0,0,0,5,0,0,0,0,0,1634619,0,0,0,0,1,5,0,1760856,0,3,5,0,0,0,0,0,0,0,0,0,0,0,2,0,0,0,0,677257,0,0,0,0,0,0,0,0.76256718672812
"93",185,3,0,0,0,9,0,0,0,0,0,4,0,2487362,0,10903840,6,4,0,0,0,0,0,0,0,0,0,0,0,0,0,0,0,0,0,2743774,0,0,0,0,0,0,0,0,0,0,0,0,0,3,0,10,0,1980057,9,10576403,0,0,0,0,0,7,0.111811906797811
"93",186,3,0,0,0,0,0,0,0,0,0,4455465,0,0,0,0,0,0,0,0,0,0,0,0,0,0,0,0,0,0,0,3474663,0,0,0,0,0,0,7,0,0,0,0,0,0,0,0,0,0,0,0,0,0,0,10,0,0,0,91,0,0,0,0.111811906797811
"94",187,3,5797214,3523455,0,4,0,0,0,0,2916848,0,1,2891945,0,0,0,0,0,14712313,20274023,0,7231199,4313816,5,0,0,0,0,0,2885982,7,0,2765188,0,0,0,0,0,14982329,18757555,0,2093440,1361723,0,0,0,0,9,0,1085769,0,0,808986,0,0,4,0,111,5938870,6148995,0,0.539754892932251
"94",188,3,0,0,0,12146418,0,54624259,0,8,0,0,0,17041078,0,0,3,0,0,0,4,0,0,0,0,5069739,0,17211442,0,0,0,0,0,6160844,0,0,0,0,5,0,0,8,0,0,0,8116159,0,22293342,0,0,0,0,0,8086561,0,0,0,0,0,0,5,0,0.539754892932251
"95",189,3,9,0,0,3926175,0,0,0,0,0,12149217,7,7513153,0,2614185,0,0,0,0,19215933,0,0,0,0,904307,0,0,0,0,0,1964176,0,1554819,0,607378,0,0,0,0,3110441,0,0,0,0,1892866,0,0,0,0,0,4812836,0,3809652,0,1239440,0,0,0,0,9567494,0,0.241623725742102
"95",190,3,0,0,96,0,2543820,0,0,10468321,0,0,0,7974041,0,0,0,0,5,0,0,97,0,0,0,0,0,0,0,6852361,9,0,0,4065732,0,0,0,0,0,0,0,0,0,0,0,0,490117,0,0,2091681,0,0,0,1306892,0,0,0,103,5,7,0,11,0.241623725742102
"96",191,3,0,0,0,0,0,0,0,0,0,675847,0,0,1757840,183985,101,6,0,1856847,12849078,0,0,0,0,0,0,0,9,3,0,4276236,0,7,8426613,890848,0,0,0,9756652,62947525,0,0,3,0,0,0,0,0,0,0,1201461,0,9,2869212,241291,0,0,0,3234456,16344054,0,0.339564664755017
"96",192,3,0,0,0,9,337729,0,7228030,0,0,15,0,990482,0,0,0,0,0,0,5,0,0,0,0,0,455853,0,0,0,0,0,0,1387565,0,0,0,0,0,0,0,0,0,0,0,3,3820160,0,67170687,0,0,0,0,10202826,0,0,0,0,0,0,0,0,0.339564664755017
"97",193,3,0,0,0,30040664,0,0,0,0,0,9,0,0,0,0,0,0,0,27189785,132706194,4,0,0,0,12060062,0,0,0,0,0,0,0,0,0,0,0,0,0,8536945,48377181,0,0,0,0,2520301,0,0,0,0,0,0,0,0,0,2,0,0,0,1610143,9554558,0,0.778115625726059
"97",194,3,14981917,0,9,0,260224,0,2140246,0,0,0,0,3996254,0,8,0,0,6,0,10862153,0,7570923,0,0,0,134821,0,1132372,7,0,94,0,1903479,0,0,0,13,0,0,5349335,0,14988754,0,0,0,319328,0,2598752,0,0,0,0,5719189,0,0,6,0,0,0,14860021,0,0.778115625726059
"98",195,3,7,0,6,2277405,0,0,117,0,3340557,0,0,15969853,0,0,34810216,0,0,7533111,0,0,0,0,0,1014838,0,0,0,0,1830627,0,0,7115617,0,0,18140875,0,0,4013744,0,0,7,0,0,790306,0,0,0,0,1145835,0,7,4998387,0,0,12118953,0,0,2815719,0,13,0.673315569059923
"98",196,3,93,0,107,0,0,25701884,89,0,0,12,0,7554623,0,20247122,0,0,0,6,171333094,0,0,0,0,0,0,14745107,0,0,0,8,0,4295465,0,13060845,103,0,0,0,81647478,0,1,0,0,0,0,5390243,0,115,0,0,0,1742826,0,6048263,0,91,5,0,36236169,0,0.673315569059923
"99",197,3,52890067,12303846,0,3213507,0,0,46671507,0,0,0,0,0,0,0,0,6,0,0,0,0,38803069,7018990,0,0,0,0,26798894,0,0,0,0,0,0,94,0,0,0,5,0,0,10109276,2389924,0,737861,0,0,8487851,0,0,0,0,3086357,0,0,0,0,0,0,0,0,0.859192956471816
"99",198,3,0,0,0,2483537,0,0,0,0,0,0,4,2065500,0,1521483,0,0,0,0,9372663,7,0,0,0,0,4,0,0,0,0,0,0,1300040,0,764137,5,6,0,2,4827172,0,0,0,0,37499267,0,0,0,0,0,0,0,25291058,0,19164759,0,0,6,0,122857294,0,0.859192956471816
"100",199,3,3,0,0,0,0,0,0,0,166254,0,0,0,0,0,0,6,0,5075306,60361876,0,0,0,0,0,0,0,0,0,0,0,6,0,0,0,0,0,4,3413349,38632036,0,0,0,0,0,0,108,7,0,444650,0,0,0,0,0,0,5,0,18255109,161037167,85,0.625185271957889
"100",200,3,0,0,0,0,713458,3614515,5602420,0,582640,8,0,2347874,0,0,0,0,0,3,0,0,0,7,0,0,4790779,21905842,41298487,5,3927813,0,0,10764528,0,0,0,0,0,0,0,0,0,0,0,0,607809,2088304,5217195,0,373340,0,0,1517075,0,0,0,0,0,0,0,0,0.625185271957889
"empty",201,3,0,0,0,5,0,0,0,0,0,0,0,0,6,0,5,0,0,0,0,0,10,0,0,0,7,0,0,0,0,5,0,0,0,0,0,0,0,0,0,0,0,3,0,6,0,0,0,98,0,0,0,10,8,7,0,0,0,0,8,0,NA
"empty",202,3,0,0,1,5,0,0,0,0,0,0,0,0,0,105,0,0,7,0,0,0,0,0,6,0,0,0,0,0,0,0,0,0,0,0,0,0,0,0,5,0,3,0,0,0,2,0,0,0,0,0,0,0,6,2,0,0,0,0,0,0,NA
"empty",203,3,0,1,0,0,0,0,0,0,0,0,0,0,0,0,0,0,4,0,0,0,0,101,0,0,0,0,0,0,0,0,1,0,0,0,0,0,9,0,0,0,0,9,0,0,0,0,0,0,0,0,0,0,0,0,0,0,0,0,0,0,NA
"empty",204,3,0,0,0,0,0,0,0,0,0,0,0,0,0,0,0,0,0,0,0,0,0,0,0,0,0,0,0,0,0,0,0,0,0,0,0,0,0,0,0,4,0,0,0,0,0,0,0,0,0,0,0,0,0,0,0,0,0,0,0,4,NA
"empty",205,3,0,0,0,0,0,108,0,98,0,0,102,0,0,0,0,0,0,0,96,0,0,0,0,0,0,0,0,0,0,0,0,0,0,0,0,0,0,0,0,0,0,99,0,0,0,0,0,0,0,0,0,0,0,0,0,0,0,0,0,0,NA
